latitude,longitude,mean,median,ci_lower,ci_upper
510000.0,6000.0,8.834807499249777,8.85595448811849,8.822847134124054,8.8467678643755
522000.0,6000.0,8.900576101938885,8.912298520406088,8.891558588009046,8.909593615868724
534000.0,6000.0,8.809350142161053,8.78359349568685,8.800110112725397,8.818590171596709
894000.0,6000.0,8.654023990790048,8.662333806355795,8.644867591492147,8.663180390087948
906000.0,6000.0,8.479790219783784,8.466512044270834,8.466675836577533,8.492904602990034
498000.0,18000.0,8.899364910125733,8.869108200073242,8.88690666346943,8.911823156782036
546000.0,18000.0,8.677496730486553,8.674830436706543,8.668561799361408,8.686431661611698
558000.0,18000.0,8.68047000471751,8.696746826171875,8.671089687139927,8.689850322295092
906000.0,18000.0,8.587013980865478,8.599690755208334,8.571968575773557,8.6020593859574
486000.0,30000.0,9.19896145439148,9.225158055623373,9.190205901745163,9.207717007037797
558000.0,30000.0,8.630519817670185,8.639731089274088,8.623229078548864,8.637810556791507
486000.0,42000.0,9.179420921325683,9.190823237101236,9.169867370578222,9.188974472073143
558000.0,42000.0,8.706021692434947,8.742671012878418,8.698409955413956,8.713633429455937
486000.0,54000.0,9.04814115746816,9.038586298624674,9.037024687383996,9.059257627552325
570000.0,54000.0,8.658279042720794,8.675913174947103,8.650316735093275,8.666241350348313
582000.0,54000.0,8.782692935943604,8.770586967468262,8.774427156064663,8.790958715822546
786000.0,54000.0,8.709817750930785,8.729101181030273,8.694328043912023,8.725307457949548
486000.0,66000.0,8.993234296162923,9.033150355021158,8.978889156245613,9.007579436080233
582000.0,66000.0,8.684933132012684,8.71044635772705,8.673889785470102,8.695976478555266
786000.0,66000.0,8.755899045626322,8.781285127003988,8.739310748166917,8.772487343085727
798000.0,66000.0,8.758923958619436,8.74880584081014,8.740005293782133,8.777842623456738
810000.0,66000.0,8.903806047916412,8.942605972290039,8.895371448388769,8.912240647444055
858000.0,66000.0,8.861955276489258,8.891453425089518,8.85462955577228,8.869280997206236
870000.0,66000.0,8.858672129631042,8.870199839274088,8.852305956390236,8.865038302871849
594000.0,78000.0,8.790522550741832,8.789056777954102,8.779667075692476,8.801378025791188
798000.0,78000.0,8.724833841164907,8.673852443695068,8.706946163506519,8.742721518823295
810000.0,78000.0,8.88371376434962,8.925786336263021,8.875741217616458,8.891686311082783
822000.0,78000.0,8.805462582111359,8.869639078776041,8.794076974444526,8.816848189778192
834000.0,78000.0,8.810764788627624,8.869639078776041,8.80089511400947,8.820634463245778
846000.0,78000.0,8.853684031804402,8.891453425089518,8.845602373631477,8.861765689977327
882000.0,78000.0,8.882422001679739,8.913267771402994,8.87529173892109,8.889552264438388
6000.0,90000.0,10.819874829610187,10.815029780069986,10.810407067589374,10.829342591631
18000.0,90000.0,10.819874829610187,10.815029780069986,10.810407067589374,10.829342591631
474000.0,90000.0,9.045301156679791,9.026568730672201,9.03592101416825,9.054681299191332
486000.0,90000.0,9.045301156679791,9.026568730672201,9.03592101416825,9.054681299191332
594000.0,90000.0,8.826884761174519,8.861871083577475,8.815968943615138,8.8378005787339
738000.0,90000.0,8.683909728368123,8.734461943308514,8.671142845338418,8.696676611397828
750000.0,90000.0,8.824781881809235,8.842511812845865,8.811670174331347,8.837893589287123
834000.0,90000.0,8.843554437319439,8.891453425089518,8.834223106564805,8.852885768074072
846000.0,90000.0,8.873947087605792,8.922859191894531,8.865412843820524,8.88248133139106
858000.0,90000.0,8.87614140701294,8.913267771402994,8.868548844181488,8.883733969844391
894000.0,90000.0,8.73386930545171,8.751070658365885,8.72407039090784,8.74366821999558
918000.0,90000.0,8.268899056752522,8.248031616210938,8.260068561973181,8.277729551531863
474000.0,102000.0,9.011063346544901,9.035137494405111,9.001146760696441,9.020979932393361
594000.0,102000.0,9.02289983590444,9.04179573059082,9.01445550106154,9.031344170747339
738000.0,102000.0,8.683909728368123,8.734461943308514,8.671142845338418,8.696676611397828
750000.0,102000.0,8.824781881809235,8.842511812845865,8.811670174331347,8.837893589287123
870000.0,102000.0,8.788974273999532,8.78235117594401,8.78199699234531,8.795951555653755
918000.0,102000.0,8.24748563369115,8.27186139424642,8.238858894258072,8.256112373124228
930000.0,102000.0,8.304279429276782,8.318361600240072,8.297885525209216,8.310673333344349
942000.0,102000.0,8.313601598739623,8.349458376566568,8.306510794823831,8.320692402655416
474000.0,114000.0,9.086566753705341,9.117757161458334,9.078515865037517,9.094617642373166
606000.0,114000.0,9.007360068957011,9.02999178568522,8.998260328677082,9.01645980923694
654000.0,114000.0,8.941854949633282,8.941757202148438,8.931350370538023,8.95235952872854
666000.0,114000.0,8.993644877751668,9.029799143473307,8.985352297951463,9.001937457551874
750000.0,114000.0,8.824781881809235,8.842511812845865,8.811670174331347,8.837893589287123
762000.0,114000.0,8.851646840413412,8.82757822672526,8.838724306102058,8.864569374724766
834000.0,114000.0,8.211903912544251,8.221118291219076,8.207254378752532,8.21655344633597
846000.0,114000.0,8.250633359909058,8.258790334065756,8.246917220464157,8.254349499353959
858000.0,114000.0,8.272698388576508,8.258790334065756,8.267568378972733,8.277828398180283
882000.0,114000.0,8.55946496661504,8.589183807373047,8.54831945168124,8.570610481548842
942000.0,114000.0,8.309434322992962,8.349458376566568,8.302013364713071,8.316855281272852
474000.0,126000.0,9.003272856712341,9.036748568216959,8.994224686131957,9.012321027292725
606000.0,126000.0,8.777246796925862,8.758987108866373,8.763423908242547,8.791069685609177
642000.0,126000.0,8.933194195747376,8.924259185791016,8.922527187360448,8.943861204134304
678000.0,126000.0,8.995270851453146,9.013853073120117,8.988850155047583,9.001691547858709
714000.0,126000.0,8.704753900051116,8.726004918416342,8.692541011291311,8.716966788810922
726000.0,126000.0,8.566524022102357,8.58361021677653,8.553839230341243,8.57920881386347
750000.0,126000.0,8.824781881809235,8.842511812845865,8.811670174331347,8.837893589287123
762000.0,126000.0,8.851646840413412,8.82757822672526,8.838724306102058,8.864569374724766
798000.0,126000.0,8.689152336120605,8.765625476837158,8.667089029127904,8.711215643113306
810000.0,126000.0,8.672801958243051,8.700254201889038,8.655567474064423,8.690036442421679
834000.0,126000.0,8.206718719164531,8.21518834431966,8.202469112417582,8.21096832591148
870000.0,126000.0,8.351810035705567,8.339792569478353,8.346772027299354,8.35684804411178
954000.0,126000.0,8.235630140781403,8.254298528035482,8.22909633211886,8.242163949443945
18000.0,138000.0,10.819874829610187,10.815029780069986,10.810407067589374,10.829342591631
30000.0,138000.0,10.81683323733012,10.815029780069986,10.807244048222394,10.826422426437848
42000.0,138000.0,10.78945553525289,10.784753958384195,10.779603761530732,10.799307308975047
462000.0,138000.0,8.970859586715699,8.993308067321777,8.95707905136597,8.984640122065429
474000.0,138000.0,8.922718311627705,8.912299474080404,8.910354857278993,8.935081765976417
594000.0,138000.0,8.374306773344674,8.346176544825237,8.358603462336587,8.390010084352761
606000.0,138000.0,8.551435940583547,8.535231590270996,8.533403944319515,8.569467936847579
642000.0,138000.0,8.811836104710897,8.815291086832683,8.800185869116254,8.823486340305541
690000.0,138000.0,8.875353170077005,8.91144053141276,8.866949663824458,8.883756676329552
702000.0,138000.0,8.859185497283935,8.860717137654623,8.852073267848375,8.866297726719495
714000.0,138000.0,8.686652164777119,8.708103815714518,8.675018452586885,8.698285876967352
774000.0,138000.0,8.886968150138856,8.915755271911621,8.874975647935193,8.898960652342518
786000.0,138000.0,8.61433527135849,8.608461856842041,8.595288134114636,8.633382408602344
870000.0,138000.0,8.137956413110096,8.210886001586914,8.12788397628043,8.148028849939763
882000.0,138000.0,8.38072326548894,8.394648869832357,8.373305475934412,8.38814105504347
894000.0,138000.0,8.3021863489151,8.326495806376139,8.292872542943627,8.311500154886573
906000.0,138000.0,8.114575612386068,8.115710417429606,8.104445893224824,8.124705331547311
918000.0,138000.0,8.207817714055379,8.208817481994629,8.20148384363237,8.214151584478387
954000.0,138000.0,8.109933843135833,8.117600917816162,8.102950600478106,8.11691708579356
18000.0,150000.0,10.819874829610187,10.815029780069986,10.810407067589374,10.829342591631
42000.0,150000.0,10.786446425437926,10.775560696919758,10.776514161885963,10.79637868898989
474000.0,150000.0,9.250619675954182,9.317911783854166,9.237581625254226,9.263657726654138
570000.0,150000.0,8.436451130390168,8.435810724894205,8.423923285595642,8.448978975184694
582000.0,150000.0,8.279644948482513,8.268585999806723,8.267238471239748,8.292051425725278
654000.0,150000.0,8.757447138468423,8.784954706827799,8.74724015961287,8.767654117323977
714000.0,150000.0,8.434432317733764,8.421621640523275,8.418956033037928,8.4499086024296
870000.0,150000.0,8.009017758369446,7.93962303797404,7.987465330308233,8.030570186430658
930000.0,150000.0,8.18139247862498,8.142716884613037,8.176041710603677,8.186743246646284
954000.0,150000.0,8.135845232486725,8.12570571899414,8.12945015776611,8.14224030720734
966000.0,150000.0,8.120688179969788,8.12570571899414,8.11441419772147,8.126962162218106
18000.0,162000.0,10.79839883295695,10.792195638020834,10.790047770164426,10.806749895749475
42000.0,162000.0,10.737248655954998,10.744500160217285,10.729319541526253,10.745177770383743
486000.0,162000.0,9.478235211690267,9.521238009134928,9.467106450379413,9.48936397300112
546000.0,162000.0,9.232317965507507,9.290976524353027,9.21656447656569,9.248071454449324
558000.0,162000.0,8.956936458269757,8.968134562174479,8.937763347142162,8.976109569397352
606000.0,162000.0,8.72636978673935,8.72175407409668,8.711005076986778,8.74173449649192
618000.0,162000.0,8.788094186782837,8.72175407409668,8.773717172331056,8.802471201234619
630000.0,162000.0,8.805309796969095,8.777125358581543,8.791408018633515,8.819211575304674
642000.0,162000.0,8.58225586636861,8.547036170959473,8.572221641607564,8.592290091129657
654000.0,162000.0,8.754732474009195,8.753378868103027,8.747174858697628,8.762290089320762
702000.0,162000.0,8.70645249716441,8.708321571350098,8.696961787758124,8.715943206570696
942000.0,162000.0,8.121774424235026,8.12570571899414,8.115433394889072,8.12811545358098
954000.0,162000.0,8.112145506858825,8.123134771982828,8.106206079915689,8.118084933801962
18000.0,174000.0,10.712759259223938,10.690169334411621,10.70620457670062,10.719313941747258
54000.0,174000.0,10.625997852325439,10.62724781036377,10.619562198724342,10.632433505926535
66000.0,174000.0,10.666585497220357,10.652779897054037,10.658814786703859,10.674356207736855
210000.0,174000.0,10.069289590835572,10.049654960632324,10.060521353460123,10.078057828211021
222000.0,174000.0,10.001424666722615,10.018842697143555,9.992973239347462,10.009876094097768
234000.0,174000.0,9.86585482374827,9.895980834960938,9.857276498464827,9.874433149031713
498000.0,174000.0,9.574386108398437,9.611593246459961,9.567590993039584,9.58118122375729
510000.0,174000.0,9.565878384272258,9.611593246459961,9.559425327951859,9.572331440592658
522000.0,174000.0,9.540790591875714,9.58466911315918,9.535116464507427,9.546464719244002
534000.0,174000.0,9.511727878888447,9.57390022277832,9.50197851923088,9.521477238546014
606000.0,174000.0,8.879068463643392,8.927081108093262,8.86567752282275,8.892459404464034
870000.0,174000.0,8.396065224011737,8.422038873036703,8.374782545016005,8.41734790300747
882000.0,174000.0,8.354175096988678,8.422038873036703,8.332701604572229,8.375648589405127
894000.0,174000.0,8.4626298104922,8.563268661499023,8.447576052975688,8.477683568008711
18000.0,186000.0,10.707362546284994,10.717334747314453,10.701912034345401,10.712813058224587
30000.0,186000.0,10.707362546284994,10.717334747314453,10.701912034345401,10.712813058224587
78000.0,186000.0,10.589939378420512,10.634297370910645,10.576869155289014,10.60300960155201
198000.0,186000.0,10.070223013877868,10.049654960632324,10.061509439836222,10.078936587919515
246000.0,186000.0,9.87370795281728,9.895980834960938,9.865582690668488,9.881833214966074
618000.0,186000.0,8.870513726870218,8.95184326171875,8.852368812836769,8.888658640903667
894000.0,186000.0,8.227243963718415,8.313078244527182,8.20693668827955,8.24755123915728
42000.0,198000.0,10.62011272907257,10.607599258422852,10.613235594596759,10.626989863548381
78000.0,198000.0,10.375030019124349,10.411520004272461,10.361676762234229,10.38838327601447
198000.0,198000.0,10.042578526496888,10.049654960632324,10.03431031877893,10.050846734214845
246000.0,198000.0,9.734291352907817,9.755707105000814,9.726897691205021,9.741685014610614
546000.0,198000.0,9.030489360809327,9.057878494262695,9.020229207580575,9.040749514038078
558000.0,198000.0,8.79456586074829,8.851430892944336,8.781120738973303,8.808010982523278
570000.0,198000.0,8.49006469631195,8.411549886067709,8.475014350595265,8.505115042028637
618000.0,198000.0,8.694497429847717,8.748048305511475,8.674378015736265,8.714616843959169
906000.0,198000.0,8.085511939684551,8.057561238606771,8.068751437670855,8.102272441698247
918000.0,198000.0,8.180929735501607,8.285135587056478,8.164483450765248,8.197376020237966
930000.0,198000.0,8.069217402776081,8.091541131337484,8.050440717767032,8.08799408778513
54000.0,210000.0,10.411811649004619,10.43278980255127,10.405475215120264,10.418148082888974
90000.0,210000.0,9.904049233436584,9.917537371317545,9.891172721025727,9.916925745847442
102000.0,210000.0,10.104107846577962,10.101613998413086,10.095915813090398,10.112299880065526
138000.0,210000.0,10.238164576530457,10.24661382039388,10.225294065128248,10.251035087932665
150000.0,210000.0,10.147611601511638,10.116397857666016,10.135612516061855,10.159610686961422
198000.0,210000.0,9.922867342948914,9.924840291341146,9.914599855444603,9.931134830453225
246000.0,210000.0,9.563548425674439,9.57876205444336,9.553874719033054,9.573222132315824
318000.0,210000.0,9.948164434432984,10.052427609761557,9.924179843093633,9.972149025772335
330000.0,210000.0,10.037848911603291,10.086932500203451,10.017513637182104,10.058184186024478
534000.0,210000.0,9.047437692642212,9.07268492380778,9.036939923366365,9.05793546191806
546000.0,210000.0,9.038443239212036,9.07268492380778,9.027799736945147,9.049086741478925
582000.0,210000.0,8.318521793683368,8.294581413269043,8.30741724892783,8.329626338438906
594000.0,210000.0,8.611303926785785,8.71149476369222,8.592097762134907,8.630510091436664
618000.0,210000.0,8.934471518039704,8.998800277709961,8.920564850167663,8.948378185911745
630000.0,210000.0,8.832511667887369,8.870915730794271,8.81070508677987,8.854318248994867
942000.0,210000.0,7.946938057104747,7.996007124582927,7.92796192678559,7.965914187423904
954000.0,210000.0,7.883586534659068,7.964223861694336,7.8637070832672125,7.903465986050924
54000.0,222000.0,10.2000747756958,10.226627031962076,10.189465822381978,10.210683729009622
114000.0,222000.0,10.039382579803467,10.01900577545166,10.031435713577125,10.04732944602981
126000.0,222000.0,10.154716063499452,10.174406051635742,10.143626697013405,10.165805429985499
258000.0,222000.0,9.487403667449952,9.476739883422852,9.477019973317184,9.49778736158272
330000.0,222000.0,10.037848911603291,10.086932500203451,10.017513637182104,10.058184186024478
342000.0,222000.0,10.047760895729065,10.087134838104248,10.031360556024183,10.064161235433946
378000.0,222000.0,10.007160001118976,10.067110697428385,9.986367051837263,10.027952950400689
462000.0,222000.0,9.273264599164326,9.271536509195963,9.25785211504811,9.288677083280543
474000.0,222000.0,9.233829197247823,9.23415501912435,9.218786477095366,9.248871917400281
486000.0,222000.0,9.151126257896424,9.131325085957844,9.135996966156139,9.166255549636709
618000.0,222000.0,8.850750619570414,8.87294832865397,8.839011907979254,8.862489331161575
642000.0,222000.0,9.016569653352102,9.025928497314453,9.001292673525391,9.031846633178812
966000.0,222000.0,7.540335627396902,7.591612656911214,7.525064537442198,7.555606717351607
978000.0,222000.0,7.573347004095714,7.643678983052571,7.556903687206231,7.589790320985197
54000.0,234000.0,10.366036437034607,10.386532147725424,10.360368290024974,10.37170458404424
126000.0,234000.0,10.108402378400168,10.076101303100586,10.097335986595386,10.11946877020495
198000.0,234000.0,10.203763931274414,10.217512766520182,10.190652839625232,10.216875022923597
258000.0,234000.0,9.271053008715311,9.249383767445881,9.264351022391228,9.277754995039395
318000.0,234000.0,9.947217260360718,10.052427609761557,9.923154443640877,9.971280077080559
330000.0,234000.0,10.037848911603291,10.086932500203451,10.017513637182104,10.058184186024478
342000.0,234000.0,9.898077275276185,9.82542355855306,9.885163940991655,9.910990609560715
366000.0,234000.0,10.030654321670532,10.067110697428385,10.008701682071724,10.05260696126934
378000.0,234000.0,10.007160001118976,10.067110697428385,9.986367051837263,10.027952950400689
390000.0,234000.0,10.007160001118976,10.067110697428385,9.986367051837263,10.027952950400689
462000.0,234000.0,9.284176433245342,9.26394780476888,9.267032545160173,9.301320321330511
498000.0,234000.0,9.122822355588278,9.120200475056965,9.108718909731873,9.136925801444683
534000.0,234000.0,9.066999573071799,9.056835174560547,9.06227135542241,9.071727790721187
978000.0,234000.0,7.264522307395935,7.268896738688151,7.247774245657144,7.281270369134726
54000.0,246000.0,10.37624945894877,10.430749575297037,10.366877252215897,10.385621665681644
138000.0,246000.0,10.088394543011981,10.14200242360433,10.067525727111938,10.109263358912024
150000.0,246000.0,10.048512792269388,10.080033779144287,10.029086450855829,10.067939133682948
186000.0,246000.0,10.324028470357257,10.311342239379883,10.311592020438427,10.336464920276088
270000.0,246000.0,9.210215317408245,9.24407164255778,9.204267095510923,9.216163539305567
390000.0,246000.0,10.007160001118976,10.067110697428385,9.986367051837263,10.027952950400689
474000.0,246000.0,9.176031650861106,9.173467318216959,9.161040873396207,9.191022428326004
486000.0,246000.0,9.068162299791974,9.035726547241211,9.052589154261316,9.083735445322631
498000.0,246000.0,9.101585885047912,9.080465316772461,9.087188105938928,9.115983664156897
510000.0,246000.0,9.003279658317567,8.989984830220541,8.993692056390314,9.01286726024482
534000.0,246000.0,9.047181865533192,9.080465316772461,9.039355574550962,9.055008156515422
966000.0,246000.0,7.244110406080881,7.245171546936035,7.231648670105275,7.256572142056487
42000.0,258000.0,10.189225659688315,10.173856417338053,10.170217693715113,10.208233625661517
150000.0,258000.0,9.732314487139384,9.817554473876953,9.708357579965938,9.75627139431283
186000.0,258000.0,10.433608742078144,10.503737449645996,10.422807394192276,10.444410089964013
282000.0,258000.0,9.078271839936573,9.137917518615723,9.06393628187636,9.092607397996785
294000.0,258000.0,9.06892924785614,9.133137702941895,9.05558052461831,9.08227797109397
306000.0,258000.0,9.196844497998557,9.2216796875,9.18168454210668,9.212004453890433
318000.0,258000.0,9.346039339224498,9.4593137105306,9.325404768785972,9.366673909663024
378000.0,258000.0,9.69076590569814,9.834027608235678,9.658384505980345,9.723147305415933
546000.0,258000.0,8.84825985956192,8.866082191467285,8.836085103259233,8.860434615864609
966000.0,258000.0,7.422548475106558,7.48304541905721,7.414310640043331,7.430786310169784
42000.0,270000.0,10.338137747128803,10.410253206888834,10.321849589122172,10.354425905135434
150000.0,270000.0,9.28347699546814,9.371379852294922,9.256374136065606,9.310579854870674
186000.0,270000.0,10.303374903678893,10.443259874979654,10.286198478827648,10.320551328530138
378000.0,270000.0,8.791854024887085,8.81062094370524,8.755949187096189,8.827758862677982
546000.0,270000.0,8.75190130821864,8.715649922688803,8.743791258889104,8.760011357548176
966000.0,270000.0,7.466944070339203,7.471182823181152,7.461155523400894,7.4727326172775115
30000.0,282000.0,10.538527381579083,10.561705907185873,10.528105890582445,10.548948872575721
42000.0,282000.0,10.538428813616436,10.561705907185873,10.527998635676788,10.548858991556084
150000.0,282000.0,9.236476388931274,9.103175481160482,9.203518051494743,9.269434726367805
174000.0,282000.0,10.32756117471059,10.3687105178833,10.316226721892225,10.338895627528956
378000.0,282000.0,9.196705743471783,9.177509943644205,9.171239140945325,9.222172345998242
546000.0,282000.0,8.740070406277972,8.703404267628986,8.729686124891836,8.750454687664108
966000.0,282000.0,7.3708418226242065,7.396858215332031,7.361494006703054,7.380189638545359
54000.0,294000.0,10.590624977747598,10.609541575113932,10.58433207831587,10.596917877179328
66000.0,294000.0,10.57806133111318,10.609356721242268,10.568844300295256,10.587278361931103
378000.0,294000.0,9.463898760636646,9.472982406616211,9.441292300858814,9.486505220414477
510000.0,294000.0,8.297418501377106,8.340566317240397,8.273053008763855,8.321783993990357
522000.0,294000.0,8.720627688725788,8.772489547729492,8.704485906835295,8.73676947061628
534000.0,294000.0,9.067926372528076,9.079842885335287,9.054660987119505,9.081191757936647
882000.0,294000.0,8.49293614212672,8.4986359278361,8.479241705131109,8.50663057912233
906000.0,294000.0,7.021763732433319,7.012516021728516,7.007143705037131,7.036383759829508
966000.0,294000.0,7.380403082688649,7.40679391225179,7.3700717377960085,7.39073442758129
78000.0,306000.0,10.494772844632465,10.49930191040039,10.4907617990428,10.498783890222128
390000.0,306000.0,10.032348765055339,10.043095588684082,10.018227952644311,10.046469577466366
486000.0,306000.0,8.77993122132619,8.770428021748861,8.767984658753088,8.791877783899293
498000.0,306000.0,8.456157787799835,8.466260274251303,8.442860422567927,8.469455153031744
870000.0,306000.0,8.63483964061737,8.67205778757731,8.618567191960183,8.651112089274557
918000.0,306000.0,6.7976352836290985,6.7699516614278155,6.788838992255964,6.806431575002233
966000.0,306000.0,7.475639946142832,7.456454594930013,7.465118242046217,7.486161650239446
90000.0,318000.0,10.177973123868306,10.211820284525553,10.167140669486535,10.188805578250076
390000.0,318000.0,10.14803566042582,10.163495699564615,10.134960567769832,10.16111075308181
462000.0,318000.0,9.682200659116107,9.792531649271647,9.666831583961535,9.69756973427068
474000.0,318000.0,9.329930559476217,9.315505345662435,9.31510694309003,9.344754175862406
870000.0,318000.0,8.477007517178851,8.544994036356607,8.458190525259528,8.495824509098174
918000.0,318000.0,7.108655160903931,7.0898440678914385,7.095835044641064,7.121475277166797
978000.0,318000.0,7.874524339199066,7.881298542022705,7.8661240052172765,7.882924673180856
990000.0,318000.0,7.972200139840444,7.994080225626628,7.964984413703389,7.979415865977499
1002000.0,318000.0,8.042217371463776,8.053370793660482,8.037232497561668,8.047202245365884
1014000.0,318000.0,8.08098373778661,8.082517623901367,8.0768170586216,8.08515041695162
1026000.0,318000.0,8.07328830353419,8.077370166778564,8.069078128599902,8.077498478468478
90000.0,330000.0,10.259224531491597,10.276246706644693,10.251930903653093,10.2665181593301
402000.0,330000.0,10.195769292513528,10.196867942810059,10.18724684819459,10.204291736832467
414000.0,330000.0,9.99457298374176,9.945145924886068,9.985555611120326,10.003590356363194
426000.0,330000.0,9.859122530301413,9.862284024556478,9.855512102011705,9.86273295859112
438000.0,330000.0,9.788288686116537,9.782630602518717,9.785164629575197,9.791412742657878
450000.0,330000.0,9.781065868059793,9.799869537353516,9.77118166335429,9.790950072765296
870000.0,330000.0,8.191702644824982,8.186679045359293,8.175805068721358,8.207600220928606
930000.0,330000.0,7.426036961237589,7.448215007781982,7.415436133287078,7.4366377891881
1026000.0,330000.0,8.03822742430369,8.017778078715006,8.033756011233358,8.042698837374022
90000.0,342000.0,10.16298180739085,10.158091227213541,10.154482098076464,10.171481516705235
870000.0,342000.0,7.958150329430898,8.006850242614746,7.944579796423376,7.971720862438421
954000.0,342000.0,7.6815629690488185,7.674486398696899,7.672236868916422,7.690889069181215
966000.0,342000.0,7.845187132835388,7.789830843607585,7.838647149037877,7.851727116632899
978000.0,342000.0,8.064858424186706,8.1067107518514,8.059961997731,8.069754850642413
1038000.0,342000.0,8.091168799718222,8.099138895670572,8.086876646689857,8.095460952746587
1050000.0,342000.0,8.096075752258301,8.099138895670572,8.091795631628928,8.100355872887674
78000.0,354000.0,10.021868139584859,10.035161972045898,10.010403650964545,10.033332628205173
870000.0,354000.0,7.952224160989126,7.95541524887085,7.945119928061217,7.959328393917035
990000.0,354000.0,8.14573783159256,8.146366755167643,8.143877063975317,8.147598599209804
1002000.0,354000.0,8.138201214472454,8.139925003051758,8.135925297985157,8.140477130959752
1050000.0,354000.0,8.160253680547077,8.175569852193197,8.15744696029756,8.163060400796594
66000.0,366000.0,10.182638032595317,10.197600364685059,10.172403478728501,10.192872586462133
78000.0,366000.0,10.18349061234792,10.197600364685059,10.173221029251279,10.193760195444563
690000.0,366000.0,8.966607635498047,9.081303914388021,8.949085659664567,8.984129611331527
702000.0,366000.0,9.006293243090312,9.000391642252604,8.998601629670821,9.013984856509802
714000.0,366000.0,8.794447015444439,8.760141054789225,8.787340018082553,8.801554012806324
738000.0,366000.0,8.35126229095459,8.329943656921387,8.343900659728597,8.358623922180584
870000.0,366000.0,7.94724310652415,7.954526821772257,7.941534510360886,7.952951702687414
1014000.0,366000.0,8.164368565877279,8.175418535868326,8.162211309330345,8.166525822424212
1026000.0,366000.0,8.15740927060445,8.172510147094727,8.1546631726857,8.160155368523201
1050000.0,366000.0,8.160099051793416,8.175569852193197,8.157297753459194,8.16290035012764
78000.0,378000.0,10.24423828760783,10.243050257364908,10.234640486804803,10.253836088410857
678000.0,378000.0,8.533952320575715,8.65932830174764,8.513190371140405,8.554714270011024
750000.0,378000.0,8.214914943854014,8.229845841725668,8.207392003099187,8.22243788460884
762000.0,378000.0,8.116954655965168,8.110581556955974,8.10620719952237,8.127702112407967
870000.0,378000.0,7.925182711283366,7.9287153879801435,7.919746144977614,7.930619277589118
1038000.0,378000.0,8.160099051793416,8.175569852193197,8.157297753459194,8.16290035012764
1050000.0,378000.0,8.160319589455924,8.175569852193197,8.157647252790248,8.162991926121599
78000.0,390000.0,10.47956743367513,10.483928521474201,10.470648348756932,10.48848651859333
666000.0,390000.0,8.313492844263713,8.336811224619547,8.299366555432773,8.327619133094654
774000.0,390000.0,7.970470063368479,8.009713490804037,7.96083678852982,7.9801033382071385
786000.0,390000.0,7.914764785289765,7.903517564137776,7.9014661973640345,7.928063373215495
870000.0,390000.0,7.943404140949249,7.945260365804036,7.937203408807801,7.9496048730906965
1134000.0,390000.0,7.6752551350593565,7.679927984873454,7.668860022355561,7.681650247763152
1146000.0,390000.0,7.6752551350593565,7.679927984873454,7.668860022355561,7.681650247763152
78000.0,402000.0,10.614545324961345,10.621342976888021,10.603931503273287,10.625159146649402
654000.0,402000.0,8.56389307896296,8.572611808776855,8.558004321484958,8.569781836440963
798000.0,402000.0,8.118834590276082,8.128408432006836,8.113760795812082,8.123908384740082
810000.0,402000.0,8.121116651058196,8.119710604349772,8.116323321022644,8.125909981093749
822000.0,402000.0,8.04277101914088,8.045246124267578,8.039103458098582,8.046438580183176
870000.0,402000.0,7.985561315218608,7.971385637919108,7.978934268254799,7.992188362182418
1134000.0,402000.0,7.6752551350593565,7.679927984873454,7.668860022355561,7.681650247763152
1146000.0,402000.0,7.689895120302836,7.679927984873454,7.683513755907385,7.696276484698287
90000.0,414000.0,10.648685882250467,10.634296417236328,10.639113310802406,10.658258453698528
642000.0,414000.0,8.565536845525106,8.546723365783691,8.560747206850701,8.57032648419951
834000.0,414000.0,8.017572539965313,8.027970949808756,8.013295375912914,8.021849704017711
846000.0,414000.0,7.98512980556488,7.971385637919108,7.979279100097542,7.990980511032219
858000.0,414000.0,7.985561315218608,7.971385637919108,7.978934268254799,7.992188362182418
1146000.0,414000.0,7.684705936431885,7.679927984873454,7.6786849329093645,7.690726939954406
1158000.0,414000.0,7.665670795122782,7.672582944234212,7.659445050637554,7.67189653960801
90000.0,426000.0,10.63091918150584,10.659096082051596,10.621665116223355,10.640173246788326
594000.0,426000.0,8.921435105323791,9.01994768778483,8.905601230134659,8.937268980512924
606000.0,426000.0,8.687042060057323,8.686053911844889,8.672647050933032,8.701437069181614
618000.0,426000.0,8.413968418121337,8.430616696675619,8.402171394609672,8.425765441633002
630000.0,426000.0,8.44788204797109,8.461516380310059,8.441947233189726,8.453816862752454
1074000.0,426000.0,7.8167962047259,7.813080628712972,7.808401240902281,7.8251911685495195
1146000.0,426000.0,7.689895120302836,7.679927984873454,7.683513755907385,7.696276484698287
1170000.0,426000.0,7.644348264694214,7.631241639455159,7.637932073552,7.650764455836428
1182000.0,426000.0,7.538812444845835,7.507578214009603,7.533413700246707,7.544211189444963
1194000.0,426000.0,7.573521788914999,7.548142592112224,7.567899622912944,7.579143954917053
78000.0,438000.0,10.873135041236877,10.871569633483887,10.867526954452897,10.878743128020856
558000.0,438000.0,9.130678389231365,9.143181482950846,9.121878277100231,9.139478501362499
570000.0,438000.0,9.208639288902283,9.260445594787598,9.200850007536745,9.216428570267821
582000.0,438000.0,9.125682426770528,9.124869346618652,9.115615906103892,9.135748947437163
1110000.0,438000.0,7.649287333170573,7.646875858306885,7.643593334389527,7.654981331951619
1122000.0,438000.0,7.607586531798045,7.6019526322682704,7.602318999350183,7.612854064245907
1134000.0,438000.0,7.607586531798045,7.6019526322682704,7.602318999350183,7.612854064245907
1194000.0,438000.0,7.509045884609223,7.50514539082845,7.505695223429073,7.512396545789373
78000.0,450000.0,10.957663028717041,10.976314862569174,10.95162842612949,10.963697631304592
534000.0,450000.0,9.235774227142334,9.177953084309896,9.218040542136825,9.253507912147844
546000.0,450000.0,9.172567526181538,9.207377433776855,9.15737055714343,9.187764495219646
1122000.0,450000.0,7.659822589556377,7.679108778635661,7.656058870843651,7.663586308269103
1134000.0,450000.0,7.666202143669128,7.679108778635661,7.662239922738151,7.670164364600105
1146000.0,450000.0,7.659822589556377,7.679108778635661,7.656058870843651,7.663586308269103
1206000.0,450000.0,7.567522198677063,7.562164306640625,7.564693741661879,7.570350655692247
78000.0,462000.0,10.959018891334534,10.982282638549805,10.946732452601301,10.971305330067766
90000.0,462000.0,11.069375465393067,11.06093660990397,11.060085236789972,11.078665693996163
522000.0,462000.0,9.133487668991089,9.111359596252441,9.109493046437308,9.15748229154487
1158000.0,462000.0,7.635204385121664,7.645279725392659,7.631037001832061,7.639371768411268
1170000.0,462000.0,7.609097622712452,7.620549201965332,7.606257544550163,7.611937700874741
1182000.0,462000.0,7.578313754240671,7.579470237096151,7.575297969767243,7.581329538714099
1194000.0,462000.0,7.5679188241958615,7.562164306640625,7.565036814059806,7.570800834331917
1206000.0,462000.0,7.5679188241958615,7.562164306640625,7.565036814059806,7.570800834331917
1218000.0,462000.0,7.5457185034751895,7.546330451965332,7.542668319228864,7.548768687721515
522000.0,474000.0,8.805444861094157,8.741706530253092,8.78364395895706,8.827245763231256
1170000.0,474000.0,7.609097622712452,7.620549201965332,7.606257544550163,7.611937700874741
90000.0,486000.0,10.722536505699157,10.714901606241861,10.703132971798098,10.741940039600216
102000.0,486000.0,10.642407237052918,10.714901606241861,10.622280466493367,10.66253400761247
522000.0,486000.0,8.68757955344518,8.659012794494629,8.668410637253118,8.706748469637244
102000.0,498000.0,10.46923516782125,10.45534578959147,10.453989304150385,10.484481031492114
498000.0,498000.0,8.75631851530075,8.762845675150553,8.738635353869608,8.774001676731892
510000.0,498000.0,8.805397936344146,8.845539410909018,8.790053083019934,8.820742789668358
102000.0,510000.0,10.372993880907696,10.363227526346842,10.364362655876725,10.381625105938667
486000.0,510000.0,9.078549123764038,9.089128176371256,9.070954098919488,9.086144148608588
102000.0,522000.0,10.368606468836468,10.367881774902344,10.364269858097314,10.372943079575622
450000.0,522000.0,9.63218789927165,9.644997914632162,9.626091455194581,9.638284343348717
462000.0,522000.0,9.388235067367553,9.397100130716959,9.378699068568867,9.39777106616624
474000.0,522000.0,9.090686946868896,9.065107981363932,9.083499314705719,9.097874579032073
102000.0,534000.0,10.410235901196797,10.420425415039062,10.407147865844593,10.413323936549002
426000.0,534000.0,9.838912891070049,9.83389155069987,9.834451019096862,9.843374763043235
438000.0,534000.0,9.752271883646648,9.748326619466146,9.74674974746226,9.757794019831035
102000.0,546000.0,10.406040516535441,10.423779169718424,10.40255739942381,10.409523633647073
390000.0,546000.0,9.648836069424945,9.672494570414225,9.642908084378286,9.654764054471604
402000.0,546000.0,9.786199790000916,9.794940948486328,9.780652922586322,9.79174665741551
414000.0,546000.0,9.859144240061443,9.86436653137207,9.85516028599767,9.863128194125217
90000.0,558000.0,10.328759768486023,10.353625933329264,10.321687849840064,10.335831687131982
102000.0,558000.0,10.367094827651977,10.42263126373291,10.360679550858869,10.373510104445085
354000.0,558000.0,9.862690970738727,9.856213569641113,9.856752539443008,9.868629402034447
366000.0,558000.0,9.688162565867106,9.685272852579752,9.683298515847799,9.693026615886414
378000.0,558000.0,9.60146706199646,9.635106086730957,9.595540238542016,9.607393885450906
102000.0,570000.0,10.3841151638031,10.402084350585938,10.379531652107572,10.38869867549863
342000.0,570000.0,9.981792771339416,9.97946548461914,9.978751923754919,9.984833618923913
114000.0,582000.0,10.422823392232258,10.426298141479492,10.419368134684118,10.426278649780398
342000.0,582000.0,9.856508740743,9.85146395365397,9.853841462989937,9.859176018496061
114000.0,594000.0,10.625590497016907,10.636747678120932,10.6197042513853,10.631476742648513
342000.0,594000.0,9.85570243771871,9.853629112243652,9.852315300345273,9.859089575092147
114000.0,606000.0,10.634167392730713,10.651139895121256,10.62832232620186,10.640012459259568
186000.0,606000.0,10.864835932731628,10.877533276875814,10.859517980407803,10.870153885055453
198000.0,606000.0,10.709736300468444,10.722613334655762,10.704271625422919,10.71520097551397
342000.0,606000.0,9.905382919947305,9.908848762512207,9.900374043341246,9.910391796553364
126000.0,618000.0,10.561325659751892,10.592094739278158,10.553220471407364,10.56943084809642
174000.0,618000.0,10.881902433077496,10.898348172505697,10.874757405030822,10.88904746112417
210000.0,618000.0,10.518754870414734,10.526740709940592,10.513810761232941,10.523698979596526
342000.0,618000.0,9.896847070693969,9.894449234008789,9.89245853230674,9.901235609081198
138000.0,630000.0,10.344922857602436,10.318147659301758,10.339031570748304,10.350814144456567
174000.0,630000.0,10.777026483217874,10.801252683003744,10.769384371450398,10.78466859498535
222000.0,630000.0,10.41655064169566,10.420391718546549,10.413483420417394,10.419617862973924
234000.0,630000.0,10.37486606915792,10.373538335164389,10.3712898734474,10.378442264868438
342000.0,630000.0,9.996935819943745,10.013430913289389,9.99304082297017,10.00083081691732
150000.0,642000.0,10.467347911198933,10.471339225769043,10.458197648423381,10.476498173974486
162000.0,642000.0,10.651766439437866,10.6662228902181,10.643005360369651,10.66052751850608
174000.0,642000.0,10.759084007581075,10.766936937967936,10.751884217824847,10.766283797337303
246000.0,642000.0,10.326306697845459,10.3141082127889,10.321332831627235,10.331280564063682
258000.0,642000.0,10.24905693435669,10.255552609761557,10.24435847472125,10.253755393992128
330000.0,642000.0,10.129436292648315,10.136497179667154,10.12613410726373,10.132738478032898
270000.0,654000.0,10.155731474876404,10.155399004618326,10.153623224348225,10.157839725404584
282000.0,654000.0,10.162096012751261,10.164427121480307,10.160673052233264,10.163518973269259
294000.0,654000.0,10.183995055516561,10.19441032409668,10.181931306376773,10.18605880465635
306000.0,654000.0,10.180797408421835,10.191423098246256,10.178386212581993,10.183208604261678
318000.0,654000.0,10.162533027331033,10.166363716125488,10.159857216633304,10.165208838028763
774000.0,54000.0,8.889727242469787,8.915755271911621,8.880187320942722,8.899267163996852
858000.0,54000.0,8.861955276489258,8.891453425089518,8.85462955577228,8.869280997206236
870000.0,54000.0,8.858672129631042,8.870199839274088,8.852305956390236,8.865038302871849
882000.0,54000.0,8.882422001679739,8.913267771402994,8.87529173892109,8.889552264438388
822000.0,66000.0,8.804927694161734,8.869639078776041,8.793545982573038,8.81630940575043
834000.0,66000.0,8.843370645205182,8.891453425089518,8.833953596684394,8.85278769372597
882000.0,66000.0,8.882422001679739,8.913267771402994,8.87529173892109,8.889552264438388
942000.0,66000.0,8.331911974906921,8.360910415649414,8.32412453129489,8.339699418518952
6000.0,78000.0,10.819874829610187,10.815029780069986,10.810407067589374,10.829342591631
726000.0,78000.0,8.566524022102357,8.58361021677653,8.553839230341243,8.57920881386347
942000.0,78000.0,8.331911974906921,8.360910415649414,8.32412453129489,8.339699418518952
606000.0,90000.0,8.868388136545816,8.873586654663086,8.85644894786719,8.880327325224442
906000.0,90000.0,8.482158574104309,8.53225072224935,8.465569578993094,8.498747569215524
606000.0,102000.0,9.02289983590444,9.04179573059082,9.01445550106154,9.031344170747339
462000.0,114000.0,9.177789790471394,9.204713821411133,9.169529442112312,9.186050138830476
798000.0,114000.0,8.70001882171631,8.765625476837158,8.678207947820415,8.721829695612204
462000.0,126000.0,9.033806893666586,9.036748568216959,9.02599400594484,9.041619781388333
738000.0,126000.0,8.683909728368123,8.734461943308514,8.671142845338418,8.696676611397828
822000.0,126000.0,8.310786440849304,8.245951970418295,8.295360868745028,8.32621201295358
642000.0,150000.0,8.655067685127259,8.645144144694012,8.645127525503927,8.66500784475059
222000.0,162000.0,10.001424666722615,10.018842697143555,9.992973239347462,10.009876094097768
234000.0,162000.0,9.86585482374827,9.895980834960938,9.857276498464827,9.874433149031713
570000.0,162000.0,8.643487375418346,8.666598320007324,8.622287746070397,8.664687004766295
666000.0,162000.0,8.795500001589456,8.79445775349935,8.786126115605574,8.804873887573338
714000.0,162000.0,8.528030456225077,8.526458740234375,8.510364674291667,8.545696238158486
930000.0,162000.0,8.183432159423829,8.142716884613037,8.178058134573806,8.18880618427385
1026000.0,162000.0,8.097610195000968,8.117600917816162,8.091269139241437,8.103951250760499
6000.0,174000.0,10.698811772346497,10.690169334411621,10.693152025851603,10.704471518841391
198000.0,174000.0,10.070223013877868,10.049654960632324,10.061509439836222,10.078936587919515
1026000.0,174000.0,7.976385877768199,8.002244154612223,7.967921995673974,7.984849759862424
906000.0,186000.0,8.300339028676351,8.316009203592936,8.284333988322695,8.316344069030007
1026000.0,186000.0,7.868758436520894,7.865566730499268,7.855621410859072,7.881895462182715
1038000.0,186000.0,7.868758436520894,7.865566730499268,7.855621410859072,7.881895462182715
90000.0,198000.0,10.255731811523438,10.288819313049316,10.243198543636364,10.268265079410511
594000.0,198000.0,8.631506144841511,8.71149476369222,8.614210571559788,8.648801718123234
606000.0,198000.0,8.660500371297202,8.682052612304688,8.645127555728227,8.675873186866177
258000.0,210000.0,9.559400301615398,9.57876205444336,9.549562648673302,9.569237954557494
462000.0,210000.0,9.350451022466023,9.360744158426922,9.335009100904674,9.365892944027372
390000.0,222000.0,10.007160001118976,10.067110697428385,9.986367051837263,10.027952950400689
534000.0,222000.0,9.096977411905923,9.096315066019693,9.088957183552518,9.10499764025933
186000.0,234000.0,10.203763931274414,10.217512766520182,10.190652839625232,10.216875022923597
354000.0,234000.0,9.897251061757407,10.050282796223959,9.874399510722943,9.92010261279187
402000.0,234000.0,10.033895021756491,10.067110697428385,10.01633753742045,10.051452506092533
42000.0,246000.0,10.37624945894877,10.430749575297037,10.366877252215897,10.385621665681644
1014000.0,258000.0,7.656585722287495,7.708706855773926,7.643002395598279,7.670169048976712
1026000.0,258000.0,7.74233593670527,7.720569451649983,7.729430798442254,7.7552410749682865
390000.0,270000.0,8.953388845761616,8.957048734029133,8.913293508738656,8.993484182784576
390000.0,282000.0,9.199355153878528,9.177509943644205,9.173746078403969,9.224964229353088
690000.0,342000.0,9.0544496011734,9.050267219543457,9.045451238093056,9.063447964253745
978000.0,354000.0,8.106687159697215,8.129572232564291,8.102637808740544,8.110736510653885
1002000.0,366000.0,8.154497393608093,8.160811424255371,8.15240170964957,8.156593077566615
1062000.0,378000.0,8.160375891367595,8.175569852193197,8.157728340360315,8.163023442374875
1074000.0,414000.0,8.043467202663422,8.071516831715902,8.034992674033255,8.051941731293589
1170000.0,414000.0,7.642515839576721,7.631241639455159,7.636075452195584,7.648956226957859
642000.0,426000.0,8.566446785291037,8.546723365783691,8.561723167928129,8.571170402653944
1134000.0,426000.0,7.689895120302836,7.679927984873454,7.683513755907385,7.696276484698287
426000.0,546000.0,9.838365390459698,9.83389155069987,9.833935561987765,9.84279521893163
138000.0,642000.0,10.412384010632833,10.388813336690268,10.406122003412849,10.418646017852817
