latitude,longitude,imputed_value
510000.0,6000.0,3.5508641401926675
522000.0,6000.0,3.4550079504648843
534000.0,6000.0,3.659818728764852
894000.0,6000.0,4.17834750811259
906000.0,6000.0,4.761706193288167
498000.0,18000.0,3.6859796047210693
510000.0,18000.0,3.791260242462158
522000.0,18000.0,3.755136728286743
534000.0,18000.0,3.507466793060303
546000.0,18000.0,3.8798255125681558
558000.0,18000.0,3.7355521519978843
906000.0,18000.0,4.459777275721232
486000.0,30000.0,3.1932149728139243
498000.0,30000.0,3.511541843414307
510000.0,30000.0,3.106195449829102
522000.0,30000.0,3.102420330047607
534000.0,30000.0,3.71685266494751
546000.0,30000.0,4.376873016357422
558000.0,30000.0,3.8385039965311685
486000.0,42000.0,3.2480111916859946
498000.0,42000.0,2.961907625198364
510000.0,42000.0,3.270584106445312
522000.0,42000.0,3.375017642974854
534000.0,42000.0,3.721497774124146
546000.0,42000.0,3.421786308288574
558000.0,42000.0,3.369967540105184
486000.0,54000.0,3.176978270212809
498000.0,54000.0,3.325107097625732
510000.0,54000.0,3.280001878738403
522000.0,54000.0,3.309308528900146
534000.0,54000.0,3.154752254486084
546000.0,54000.0,3.36579966545105
558000.0,54000.0,3.322316646575928
570000.0,54000.0,3.2954062620798745
582000.0,54000.0,3.0825210412343345
786000.0,54000.0,5.5775199731191
486000.0,66000.0,2.957557042439779
498000.0,66000.0,3.243920087814331
510000.0,66000.0,3.365831851959229
522000.0,66000.0,3.054130554199219
534000.0,66000.0,3.145198583602905
546000.0,66000.0,3.83809757232666
558000.0,66000.0,3.989454507827759
570000.0,66000.0,3.198102474212646
582000.0,66000.0,3.021679162979126
786000.0,66000.0,5.5775199731191
798000.0,66000.0,5.663812239964803
810000.0,66000.0,4.647525866826375
858000.0,66000.0,3.571866750717163
870000.0,66000.0,3.571866750717163
498000.0,78000.0,2.303643941879272
510000.0,78000.0,2.601087808609009
522000.0,78000.0,3.131139993667603
534000.0,78000.0,3.334572076797485
546000.0,78000.0,3.842597007751465
558000.0,78000.0,4.464262962341309
570000.0,78000.0,3.299041271209717
582000.0,78000.0,2.727144002914429
594000.0,78000.0,3.055325428644816
798000.0,78000.0,6.004854440689087
810000.0,78000.0,4.647525866826375
822000.0,78000.0,3.571866750717163
834000.0,78000.0,3.571866750717163
846000.0,78000.0,3.571866750717163
858000.0,78000.0,3.539332628250122
870000.0,78000.0,3.724785804748535
882000.0,78000.0,3.7387844721476235
6000.0,90000.0,3.1800997257232666
18000.0,90000.0,3.1800997257232666
474000.0,90000.0,2.7961978912353516
486000.0,90000.0,2.7961978912353516
498000.0,90000.0,2.517414093017578
510000.0,90000.0,2.349571466445923
522000.0,90000.0,2.714439392089844
534000.0,90000.0,2.831494808197021
546000.0,90000.0,3.656208753585815
558000.0,90000.0,4.112122535705566
570000.0,90000.0,3.666213512420654
582000.0,90000.0,3.139791011810303
594000.0,90000.0,2.946069240570069
738000.0,90000.0,5.093050320943196
750000.0,90000.0,4.920507272084554
834000.0,90000.0,3.571866750717163
846000.0,90000.0,3.6476831436157227
858000.0,90000.0,3.6476831436157227
870000.0,90000.0,3.451481819152832
882000.0,90000.0,3.952234983444214
894000.0,90000.0,4.0872461795806885
918000.0,90000.0,5.215663592020671
474000.0,102000.0,2.9190944830576577
486000.0,102000.0,3.202760457992554
498000.0,102000.0,2.668419122695923
510000.0,102000.0,2.238803863525391
522000.0,102000.0,2.281352996826172
534000.0,102000.0,2.452496290206909
546000.0,102000.0,2.832751274108887
558000.0,102000.0,2.893795251846313
570000.0,102000.0,3.16769814491272
582000.0,102000.0,2.971272706985474
594000.0,102000.0,2.916171153386434
738000.0,102000.0,5.093050320943196
750000.0,102000.0,4.920507272084554
870000.0,102000.0,3.96955943107605
882000.0,102000.0,4.504961490631104
894000.0,102000.0,4.85802173614502
906000.0,102000.0,5.702311038970947
918000.0,102000.0,5.331307252248128
930000.0,102000.0,5.451391379038493
942000.0,102000.0,4.525521437327067
474000.0,114000.0,3.1261630853017173
486000.0,114000.0,2.886103868484497
498000.0,114000.0,2.493380069732666
510000.0,114000.0,2.253475666046143
522000.0,114000.0,2.202790975570679
534000.0,114000.0,2.225856781005859
546000.0,114000.0,2.469487428665161
558000.0,114000.0,2.62161922454834
570000.0,114000.0,3.017665147781372
582000.0,114000.0,2.924806833267212
594000.0,114000.0,2.852433919906616
606000.0,114000.0,3.0538362661997476
654000.0,114000.0,3.969095230102539
666000.0,114000.0,3.9792102177937827
750000.0,114000.0,4.920507272084554
762000.0,114000.0,5.008639812469482
834000.0,114000.0,6.036727746327718
846000.0,114000.0,5.6182200113932295
858000.0,114000.0,5.603097438812256
882000.0,114000.0,4.472708781560262
894000.0,114000.0,4.960929870605469
906000.0,114000.0,5.832035541534424
918000.0,114000.0,5.433588981628418
930000.0,114000.0,5.218274116516113
942000.0,114000.0,4.525521437327067
474000.0,126000.0,2.953972101211548
486000.0,126000.0,3.289624929428101
498000.0,126000.0,2.686187505722046
510000.0,126000.0,2.406107187271118
522000.0,126000.0,2.396471977233887
534000.0,126000.0,2.409188508987427
546000.0,126000.0,2.514386892318726
558000.0,126000.0,2.887539863586426
570000.0,126000.0,3.400580406188965
582000.0,126000.0,3.80034875869751
594000.0,126000.0,3.384268045425415
606000.0,126000.0,3.3456835746765137
642000.0,126000.0,3.969095230102539
654000.0,126000.0,3.814415454864502
666000.0,126000.0,3.861247062683105
678000.0,126000.0,4.047589619954427
714000.0,126000.0,5.604269027709961
726000.0,126000.0,5.604269027709961
750000.0,126000.0,4.920507272084554
762000.0,126000.0,5.008639812469482
798000.0,126000.0,6.710187753041585
810000.0,126000.0,6.851049423217773
834000.0,126000.0,6.036727746327718
846000.0,126000.0,5.676913261413574
858000.0,126000.0,5.447617053985596
870000.0,126000.0,5.162946065266927
894000.0,126000.0,4.364307880401611
906000.0,126000.0,4.925617218017578
918000.0,126000.0,4.511090755462646
930000.0,126000.0,4.444011688232422
942000.0,126000.0,3.914278507232666
954000.0,126000.0,4.118131081263225
18000.0,138000.0,3.1800997257232666
30000.0,138000.0,3.1800997257232666
42000.0,138000.0,3.1664066314697266
462000.0,138000.0,3.75543204943339
474000.0,138000.0,3.75543204943339
486000.0,138000.0,4.168745517730713
498000.0,138000.0,3.123752593994141
510000.0,138000.0,2.638229608535767
522000.0,138000.0,2.613470315933228
534000.0,138000.0,2.986327648162842
546000.0,138000.0,2.991743087768555
558000.0,138000.0,3.613579988479614
570000.0,138000.0,3.733570337295532
582000.0,138000.0,4.110933780670166
594000.0,138000.0,3.7651835282643638
606000.0,138000.0,3.449211915334066
642000.0,138000.0,4.102668921152751
654000.0,138000.0,4.23162317276001
666000.0,138000.0,4.26196813583374
678000.0,138000.0,4.467106342315674
690000.0,138000.0,4.304884751637776
702000.0,138000.0,4.508183479309082
714000.0,138000.0,5.604269027709961
726000.0,138000.0,4.871864318847656
738000.0,138000.0,5.037152290344238
750000.0,138000.0,5.370134353637695
762000.0,138000.0,4.354235172271729
774000.0,138000.0,5.184672196706136
786000.0,138000.0,6.114163716634114
798000.0,138000.0,7.79677152633667
810000.0,138000.0,6.678459167480469
822000.0,138000.0,7.113731384277344
834000.0,138000.0,6.703140258789062
846000.0,138000.0,5.730129718780518
858000.0,138000.0,5.684762001037598
870000.0,138000.0,5.62083625793457
882000.0,138000.0,4.8513437906901045
894000.0,138000.0,4.750284989674886
906000.0,138000.0,4.453152259190877
918000.0,138000.0,4.292617082595824
930000.0,138000.0,3.922748804092407
942000.0,138000.0,3.996103048324585
954000.0,138000.0,3.911197026570638
18000.0,150000.0,3.1800997257232666
30000.0,150000.0,3.181902885437012
42000.0,150000.0,3.1664066314697266
474000.0,150000.0,3.5986443360646567
486000.0,150000.0,3.807925701141357
498000.0,150000.0,2.819261789321899
510000.0,150000.0,2.665367841720581
522000.0,150000.0,2.635788917541504
534000.0,150000.0,2.772651195526123
546000.0,150000.0,3.080970048904419
558000.0,150000.0,3.268674850463867
570000.0,150000.0,3.361071745554606
582000.0,150000.0,3.726652463277181
654000.0,150000.0,4.276908238728841
666000.0,150000.0,4.784686088562012
678000.0,150000.0,4.524545669555664
690000.0,150000.0,4.185579776763916
714000.0,150000.0,5.3204115231831866
726000.0,150000.0,6.903790473937988
738000.0,150000.0,6.242546081542969
750000.0,150000.0,5.703555107116699
762000.0,150000.0,5.301549911499023
774000.0,150000.0,5.149263858795166
786000.0,150000.0,5.396455764770508
798000.0,150000.0,5.655332565307617
810000.0,150000.0,6.760957717895508
822000.0,150000.0,8.162215232849121
834000.0,150000.0,7.431839466094971
846000.0,150000.0,5.91892671585083
858000.0,150000.0,5.957009792327881
870000.0,150000.0,5.8535661697387695
930000.0,150000.0,4.060499906539917
942000.0,150000.0,3.814739227294922
954000.0,150000.0,3.9083735942840576
966000.0,150000.0,3.911197026570638
18000.0,162000.0,3.1800997257232666
30000.0,162000.0,3.045593976974487
42000.0,162000.0,3.1664066314697266
486000.0,162000.0,2.836756785710653
498000.0,162000.0,2.355865716934204
510000.0,162000.0,2.346478939056396
522000.0,162000.0,2.416322708129883
534000.0,162000.0,2.474393606185913
546000.0,162000.0,2.776004950205485
558000.0,162000.0,2.9413461685180664
606000.0,162000.0,4.295963446299235
618000.0,162000.0,4.295963446299235
630000.0,162000.0,4.083635727564494
642000.0,162000.0,4.3225908279418945
654000.0,162000.0,4.2415056228637695
678000.0,162000.0,4.26411247253418
690000.0,162000.0,4.785187721252441
702000.0,162000.0,4.654533704121907
726000.0,162000.0,8.625981330871582
738000.0,162000.0,7.339687347412109
750000.0,162000.0,6.318433284759521
762000.0,162000.0,6.183938026428223
774000.0,162000.0,6.050517559051514
786000.0,162000.0,4.959845066070557
798000.0,162000.0,5.500733375549316
810000.0,162000.0,5.749027729034424
822000.0,162000.0,6.536388874053955
834000.0,162000.0,6.188997268676758
846000.0,162000.0,5.6243896484375
858000.0,162000.0,4.937894821166992
942000.0,162000.0,3.911197026570638
954000.0,162000.0,3.911197026570638
18000.0,174000.0,3.2100397745768228
30000.0,174000.0,3.312802314758301
42000.0,174000.0,3.271723031997681
54000.0,174000.0,3.0643929640452066
66000.0,174000.0,3.0643929640452066
210000.0,174000.0,3.1779260635375977
222000.0,174000.0,3.2718427975972495
234000.0,174000.0,3.399948755900065
498000.0,174000.0,2.5072021484375
510000.0,174000.0,2.3728891213734946
522000.0,174000.0,2.412398417790731
534000.0,174000.0,2.554455836613973
606000.0,174000.0,4.083635727564494
618000.0,174000.0,3.81557035446167
630000.0,174000.0,4.590473175048828
642000.0,174000.0,4.481846809387207
654000.0,174000.0,3.895452499389648
666000.0,174000.0,4.592759132385254
678000.0,174000.0,4.933704853057861
690000.0,174000.0,4.979367256164551
702000.0,174000.0,4.992833614349365
714000.0,174000.0,4.755619525909424
726000.0,174000.0,6.877098560333252
738000.0,174000.0,6.830495357513428
750000.0,174000.0,6.827774047851562
762000.0,174000.0,7.043307304382324
774000.0,174000.0,7.100367546081543
786000.0,174000.0,6.480874538421631
798000.0,174000.0,6.365811824798584
810000.0,174000.0,6.43174934387207
822000.0,174000.0,5.974347591400146
834000.0,174000.0,5.786648750305176
846000.0,174000.0,6.434885025024414
858000.0,174000.0,4.516178607940674
870000.0,174000.0,5.086814721425374
882000.0,174000.0,5.086814721425374
894000.0,174000.0,4.742088158925374
18000.0,186000.0,3.128850777943929
30000.0,186000.0,3.128850777943929
42000.0,186000.0,3.022668123245239
54000.0,186000.0,3.051081895828247
66000.0,186000.0,2.870373964309692
78000.0,186000.0,3.091865380605062
198000.0,186000.0,3.1779260635375977
210000.0,186000.0,3.058907747268677
222000.0,186000.0,3.196342945098877
234000.0,186000.0,3.19489049911499
246000.0,186000.0,3.399948755900065
618000.0,186000.0,4.083635727564494
630000.0,186000.0,3.844863653182983
642000.0,186000.0,4.836016178131104
654000.0,186000.0,4.56495189666748
666000.0,186000.0,4.998329162597656
678000.0,186000.0,5.731223583221436
690000.0,186000.0,5.416085243225098
702000.0,186000.0,5.688189029693604
714000.0,186000.0,6.406470775604248
726000.0,186000.0,5.71937084197998
738000.0,186000.0,4.789477825164795
750000.0,186000.0,7.406930923461914
762000.0,186000.0,7.718278408050537
774000.0,186000.0,8.136619567871094
786000.0,186000.0,8.778331756591797
798000.0,186000.0,8.57099723815918
810000.0,186000.0,7.990136623382568
822000.0,186000.0,6.590602397918701
834000.0,186000.0,5.945426940917969
846000.0,186000.0,7.421692848205566
858000.0,186000.0,6.205091953277588
870000.0,186000.0,5.79465913772583
882000.0,186000.0,4.949606418609619
894000.0,186000.0,4.85192855199178
42000.0,198000.0,3.2048331101735434
54000.0,198000.0,3.540749311447144
66000.0,198000.0,3.354140281677246
78000.0,198000.0,3.341955025990804
198000.0,198000.0,3.2938667933146157
210000.0,198000.0,3.278527498245239
222000.0,198000.0,3.560277700424194
234000.0,198000.0,3.808612823486328
246000.0,198000.0,3.5212603410085044
546000.0,198000.0,3.3167738119761148
558000.0,198000.0,3.679886976877848
570000.0,198000.0,3.95427934328715
618000.0,198000.0,4.141933997472127
630000.0,198000.0,4.765367984771729
642000.0,198000.0,5.717471122741699
654000.0,198000.0,4.521641254425049
666000.0,198000.0,4.498990058898926
678000.0,198000.0,5.774497032165527
690000.0,198000.0,6.286492824554443
702000.0,198000.0,7.00597095489502
714000.0,198000.0,7.172423362731934
726000.0,198000.0,6.735780715942383
738000.0,198000.0,6.342290878295898
750000.0,198000.0,7.143345832824707
762000.0,198000.0,7.417933464050293
774000.0,198000.0,7.260280132293701
786000.0,198000.0,8.701689720153809
798000.0,198000.0,9.332703590393066
810000.0,198000.0,9.642159461975098
822000.0,198000.0,8.292717933654785
834000.0,198000.0,6.763194561004639
846000.0,198000.0,7.252575874328613
858000.0,198000.0,7.577298164367676
870000.0,198000.0,6.819046020507812
882000.0,198000.0,5.861469268798828
894000.0,198000.0,4.76047945022583
906000.0,198000.0,4.651968797047933
918000.0,198000.0,4.359074354171752
930000.0,198000.0,4.577195405960082
54000.0,210000.0,3.4421615600585938
66000.0,210000.0,3.734653472900391
78000.0,210000.0,3.801350831985474
90000.0,210000.0,3.9126396973927817
102000.0,210000.0,3.286627213160197
138000.0,210000.0,3.1035736401875815
150000.0,210000.0,3.1430275440216064
198000.0,210000.0,3.543221871058146
210000.0,210000.0,3.544165134429932
222000.0,210000.0,3.806972980499268
234000.0,210000.0,4.461748600006104
246000.0,210000.0,3.825239260991415
318000.0,210000.0,3.7040301163991294
330000.0,210000.0,3.7040301163991294
534000.0,210000.0,3.141979932785034
546000.0,210000.0,3.141979932785034
558000.0,210000.0,3.156165838241577
570000.0,210000.0,4.365664482116699
582000.0,210000.0,4.265750090281169
594000.0,210000.0,3.905228535334269
618000.0,210000.0,3.6874747276306152
630000.0,210000.0,4.1180713176727295
654000.0,210000.0,3.743982315063477
666000.0,210000.0,4.353418350219727
678000.0,210000.0,6.428120613098145
690000.0,210000.0,7.217656135559082
702000.0,210000.0,7.391071319580078
714000.0,210000.0,7.316828727722168
726000.0,210000.0,7.487563133239746
738000.0,210000.0,8.324897766113281
750000.0,210000.0,9.096884727478027
762000.0,210000.0,8.02432918548584
774000.0,210000.0,6.541989803314209
786000.0,210000.0,6.770620822906494
798000.0,210000.0,7.863710403442383
810000.0,210000.0,8.761711120605469
822000.0,210000.0,7.78957986831665
834000.0,210000.0,6.780969142913818
846000.0,210000.0,7.123080253601074
858000.0,210000.0,6.292805194854736
870000.0,210000.0,6.96708345413208
882000.0,210000.0,6.160047054290771
894000.0,210000.0,4.845699787139893
906000.0,210000.0,4.844558238983154
918000.0,210000.0,4.350868701934814
930000.0,210000.0,3.965874910354614
942000.0,210000.0,4.458959023157755
954000.0,210000.0,4.458959023157756
54000.0,222000.0,3.751601775487264
66000.0,222000.0,3.959495782852173
78000.0,222000.0,4.337932109832764
90000.0,222000.0,3.598636150360107
102000.0,222000.0,2.990538358688354
114000.0,222000.0,3.321911017100016
126000.0,222000.0,3.1964683532714844
210000.0,222000.0,3.771586418151855
222000.0,222000.0,3.995084285736084
234000.0,222000.0,4.386837959289551
246000.0,222000.0,3.206996202468872
258000.0,222000.0,3.37790584564209
330000.0,222000.0,3.7040301163991294
342000.0,222000.0,4.104687849680583
378000.0,222000.0,3.590742746988932
462000.0,222000.0,3.4325769742329917
474000.0,222000.0,3.4325769742329917
486000.0,222000.0,3.4325769742329917
546000.0,222000.0,3.276324987411499
558000.0,222000.0,3.517830610275269
570000.0,222000.0,4.341007709503174
582000.0,222000.0,4.497408390045166
594000.0,222000.0,3.934177398681641
606000.0,222000.0,3.284099817276001
618000.0,222000.0,3.3244190216064453
642000.0,222000.0,3.8392465114593506
654000.0,222000.0,4.437500953674316
666000.0,222000.0,5.317416667938232
678000.0,222000.0,5.352304458618164
690000.0,222000.0,6.386563301086426
702000.0,222000.0,8.160331726074219
714000.0,222000.0,8.592848777770996
726000.0,222000.0,8.012931823730469
738000.0,222000.0,8.093525886535645
750000.0,222000.0,8.792179107666016
762000.0,222000.0,8.628904342651367
774000.0,222000.0,7.534703254699707
786000.0,222000.0,6.152610778808594
798000.0,222000.0,6.385199069976807
810000.0,222000.0,6.313844203948975
822000.0,222000.0,5.841350078582764
834000.0,222000.0,5.961702346801758
846000.0,222000.0,6.012360095977783
858000.0,222000.0,5.387783050537109
870000.0,222000.0,5.991848468780518
882000.0,222000.0,5.654332160949707
894000.0,222000.0,4.935132503509521
906000.0,222000.0,5.331555366516113
918000.0,222000.0,5.913034439086914
930000.0,222000.0,5.41484260559082
942000.0,222000.0,5.054883480072021
954000.0,222000.0,4.356118679046631
966000.0,222000.0,4.526940981547038
978000.0,222000.0,4.526940981547038
54000.0,234000.0,3.5068112214406333
66000.0,234000.0,3.560656070709229
78000.0,234000.0,3.530380964279175
90000.0,234000.0,3.192143678665161
102000.0,234000.0,3.270707130432129
114000.0,234000.0,3.704487562179565
126000.0,234000.0,3.2898579438527427
198000.0,234000.0,3.520897626876831
210000.0,234000.0,3.532536506652832
222000.0,234000.0,4.064655780792236
234000.0,234000.0,4.33926248550415
246000.0,234000.0,3.607430219650269
258000.0,234000.0,3.4990684191385903
318000.0,234000.0,3.7040301163991294
330000.0,234000.0,3.7040301163991294
342000.0,234000.0,4.5223625500996905
366000.0,234000.0,3.590742746988932
378000.0,234000.0,3.590742746988932
390000.0,234000.0,3.590742746988932
462000.0,234000.0,3.338284969329834
474000.0,234000.0,3.011033296585083
486000.0,234000.0,4.010372638702393
498000.0,234000.0,3.338284969329834
534000.0,234000.0,3.1928844451904297
546000.0,234000.0,2.993448972702026
558000.0,234000.0,3.45873236656189
570000.0,234000.0,3.994225978851318
582000.0,234000.0,4.953207492828369
594000.0,234000.0,5.174463748931885
606000.0,234000.0,3.676200866699219
618000.0,234000.0,3.012956380844116
630000.0,234000.0,2.7959885597229
642000.0,234000.0,3.336256265640259
654000.0,234000.0,4.61638355255127
666000.0,234000.0,5.404728412628174
678000.0,234000.0,4.514970779418945
690000.0,234000.0,5.463210582733154
702000.0,234000.0,7.348697185516357
714000.0,234000.0,8.500368118286133
726000.0,234000.0,8.47310733795166
738000.0,234000.0,8.872518539428711
750000.0,234000.0,6.993881702423096
762000.0,234000.0,7.145657062530518
774000.0,234000.0,6.700658798217773
786000.0,234000.0,6.197898387908936
798000.0,234000.0,5.959158897399902
810000.0,234000.0,4.771436214447021
822000.0,234000.0,4.628284454345703
834000.0,234000.0,4.195230960845947
846000.0,234000.0,4.904634475708008
858000.0,234000.0,4.058546543121338
870000.0,234000.0,4.572571754455566
882000.0,234000.0,5.957395076751709
894000.0,234000.0,4.859894752502441
906000.0,234000.0,5.133964538574219
918000.0,234000.0,6.76514196395874
930000.0,234000.0,6.487380504608154
942000.0,234000.0,6.551711559295654
954000.0,234000.0,5.00633716583252
966000.0,234000.0,4.169820785522461
978000.0,234000.0,4.510758876800537
54000.0,246000.0,3.5068112214406333
66000.0,246000.0,3.548173904418945
78000.0,246000.0,3.88185977935791
90000.0,246000.0,3.440444946289062
102000.0,246000.0,3.304357290267944
114000.0,246000.0,3.288424015045166
126000.0,246000.0,2.894379138946533
138000.0,246000.0,3.097057501475016
150000.0,246000.0,3.202868858973185
186000.0,246000.0,3.6028927167256675
198000.0,246000.0,3.253161907196045
210000.0,246000.0,3.778521776199341
222000.0,246000.0,4.110030174255371
234000.0,246000.0,4.703555583953857
246000.0,246000.0,3.943872690200806
258000.0,246000.0,3.319291114807129
270000.0,246000.0,3.401248057683309
330000.0,246000.0,3.202377319335938
342000.0,246000.0,4.175687789916992
354000.0,246000.0,4.455401420593262
366000.0,246000.0,3.210741758346558
378000.0,246000.0,3.106085062026978
390000.0,246000.0,3.590742746988932
474000.0,246000.0,3.3826259771982827
486000.0,246000.0,3.3826259771982827
498000.0,246000.0,3.3826259771982827
510000.0,246000.0,3.3767645359039307
534000.0,246000.0,3.323557138442993
546000.0,246000.0,3.126471996307373
558000.0,246000.0,3.85075044631958
570000.0,246000.0,5.56090259552002
582000.0,246000.0,6.860770225524902
594000.0,246000.0,5.739413261413574
606000.0,246000.0,4.379958152770996
618000.0,246000.0,3.278798818588257
630000.0,246000.0,3.166828632354736
642000.0,246000.0,3.680538654327393
654000.0,246000.0,4.303952693939209
666000.0,246000.0,3.587678194046021
678000.0,246000.0,4.239123821258545
690000.0,246000.0,4.667664051055908
702000.0,246000.0,6.124500274658203
714000.0,246000.0,6.97391939163208
726000.0,246000.0,7.512068271636963
738000.0,246000.0,7.426878452301025
750000.0,246000.0,5.872931003570557
762000.0,246000.0,5.415854930877686
774000.0,246000.0,6.506997108459473
786000.0,246000.0,5.6534423828125
798000.0,246000.0,5.721823215484619
810000.0,246000.0,4.577930927276611
822000.0,246000.0,3.708430290222168
834000.0,246000.0,3.450891971588135
846000.0,246000.0,3.246776580810547
858000.0,246000.0,3.278414964675903
870000.0,246000.0,4.603586673736572
882000.0,246000.0,4.768450260162354
894000.0,246000.0,3.980631828308105
906000.0,246000.0,4.028077602386475
918000.0,246000.0,4.520184993743896
930000.0,246000.0,5.340855598449707
942000.0,246000.0,5.966602802276611
954000.0,246000.0,4.717833518981934
966000.0,246000.0,4.23410177230835
42000.0,258000.0,4.023136456807454
54000.0,258000.0,3.411603689193726
66000.0,258000.0,4.89146089553833
78000.0,258000.0,5.648563861846924
90000.0,258000.0,4.854592800140381
102000.0,258000.0,2.979651212692261
114000.0,258000.0,3.061092615127563
126000.0,258000.0,2.970989942550659
138000.0,258000.0,3.425803422927856
150000.0,258000.0,3.6925498644510903
186000.0,258000.0,3.6610716183980307
198000.0,258000.0,3.776994466781616
210000.0,258000.0,4.286105155944824
222000.0,258000.0,4.097990036010742
234000.0,258000.0,4.720630168914795
246000.0,258000.0,3.992887020111084
258000.0,258000.0,3.570483922958374
270000.0,258000.0,3.313969135284424
282000.0,258000.0,3.702385187149048
294000.0,258000.0,4.020002524058024
306000.0,258000.0,4.950428565343221
318000.0,258000.0,4.678570826848348
330000.0,258000.0,3.734025239944458
342000.0,258000.0,4.935998439788818
354000.0,258000.0,7.450910568237305
366000.0,258000.0,4.651226997375488
378000.0,258000.0,3.6560179392496743
546000.0,258000.0,3.5622964700063062
558000.0,258000.0,4.566968441009521
570000.0,258000.0,5.725878715515137
582000.0,258000.0,5.463882923126221
594000.0,258000.0,5.466428279876709
606000.0,258000.0,5.465201854705811
618000.0,258000.0,3.568918943405151
630000.0,258000.0,3.771652460098267
642000.0,258000.0,4.06602668762207
654000.0,258000.0,3.791039943695068
666000.0,258000.0,3.075092554092407
678000.0,258000.0,4.376270294189453
690000.0,258000.0,4.241753578186035
702000.0,258000.0,4.602180480957031
714000.0,258000.0,6.266170501708984
726000.0,258000.0,5.651365756988525
738000.0,258000.0,5.757078647613525
750000.0,258000.0,5.22122049331665
762000.0,258000.0,4.536799907684326
774000.0,258000.0,5.514103889465332
786000.0,258000.0,4.447879791259766
798000.0,258000.0,4.753490447998047
810000.0,258000.0,5.077499389648438
822000.0,258000.0,3.39390230178833
834000.0,258000.0,2.886553287506104
846000.0,258000.0,2.291909694671631
858000.0,258000.0,2.545470237731934
870000.0,258000.0,3.266282558441162
882000.0,258000.0,3.737087965011597
894000.0,258000.0,3.036203384399414
906000.0,258000.0,3.397552728652954
918000.0,258000.0,3.820594549179077
930000.0,258000.0,4.331128597259521
942000.0,258000.0,3.897270679473877
954000.0,258000.0,3.814651012420654
966000.0,258000.0,3.7786070505777993
42000.0,270000.0,3.517655611038208
54000.0,270000.0,3.766344785690308
66000.0,270000.0,5.11836576461792
78000.0,270000.0,4.798869609832764
90000.0,270000.0,3.644493341445923
102000.0,270000.0,2.75564980506897
114000.0,270000.0,2.920544624328613
126000.0,270000.0,3.294674158096313
138000.0,270000.0,4.680856227874756
150000.0,270000.0,3.8004446029663086
186000.0,270000.0,3.8736899693806968
198000.0,270000.0,3.953058481216431
210000.0,270000.0,4.815865516662598
222000.0,270000.0,4.653882503509521
234000.0,270000.0,4.106648445129395
246000.0,270000.0,4.704527378082275
258000.0,270000.0,4.233853816986084
270000.0,270000.0,3.933237075805664
282000.0,270000.0,4.222702503204346
294000.0,270000.0,4.523335933685303
306000.0,270000.0,5.740338325500488
318000.0,270000.0,5.365688800811768
330000.0,270000.0,5.79272985458374
342000.0,270000.0,6.045119285583496
354000.0,270000.0,7.653271675109863
366000.0,270000.0,5.870956897735596
378000.0,270000.0,4.790440320968628
546000.0,270000.0,3.497751474380493
558000.0,270000.0,3.795750856399536
570000.0,270000.0,4.03138542175293
582000.0,270000.0,4.454643249511719
594000.0,270000.0,4.807339191436768
606000.0,270000.0,5.209202289581299
618000.0,270000.0,4.260983467102051
630000.0,270000.0,4.161105632781982
642000.0,270000.0,3.710877418518066
654000.0,270000.0,3.083823442459106
666000.0,270000.0,2.951370716094971
678000.0,270000.0,4.3531174659729
690000.0,270000.0,4.292400360107422
702000.0,270000.0,3.583380460739136
714000.0,270000.0,5.620782852172852
726000.0,270000.0,5.086227416992188
738000.0,270000.0,4.761340141296387
750000.0,270000.0,4.831288814544678
762000.0,270000.0,3.857860326766968
774000.0,270000.0,4.803277492523193
786000.0,270000.0,4.397073745727539
798000.0,270000.0,3.322049379348755
810000.0,270000.0,4.671060562133789
822000.0,270000.0,3.671339988708496
834000.0,270000.0,2.933965444564819
846000.0,270000.0,2.276211023330688
858000.0,270000.0,2.22905445098877
870000.0,270000.0,2.117562055587769
882000.0,270000.0,2.580745697021484
894000.0,270000.0,2.844520330429077
906000.0,270000.0,3.126943826675415
918000.0,270000.0,3.920367002487183
930000.0,270000.0,3.82256031036377
942000.0,270000.0,3.229333400726318
954000.0,270000.0,3.351349353790283
966000.0,270000.0,3.484185218811035
30000.0,282000.0,3.4470506509145102
42000.0,282000.0,3.4470506509145102
54000.0,282000.0,3.375018358230591
66000.0,282000.0,3.199788808822632
78000.0,282000.0,3.184980869293213
90000.0,282000.0,2.832212209701538
102000.0,282000.0,2.416407585144043
114000.0,282000.0,3.047987937927246
126000.0,282000.0,3.675468683242798
138000.0,282000.0,4.709985256195068
150000.0,282000.0,4.094598690668742
174000.0,282000.0,3.23814328511556
186000.0,282000.0,3.891016960144043
198000.0,282000.0,5.338093757629395
210000.0,282000.0,5.396577835083008
222000.0,282000.0,6.110274791717529
234000.0,282000.0,4.285049915313721
246000.0,282000.0,4.850444793701172
258000.0,282000.0,5.385341167449951
270000.0,282000.0,5.227879047393799
282000.0,282000.0,6.248066425323486
294000.0,282000.0,5.39672327041626
306000.0,282000.0,5.376922130584717
318000.0,282000.0,6.171913146972656
330000.0,282000.0,5.876437187194824
342000.0,282000.0,5.896133422851562
354000.0,282000.0,4.795970916748047
366000.0,282000.0,3.8491370677948
378000.0,282000.0,3.588622252146403
546000.0,282000.0,3.7079546451568604
558000.0,282000.0,3.57103157043457
570000.0,282000.0,3.757081508636475
582000.0,282000.0,4.085952281951904
594000.0,282000.0,3.93242073059082
606000.0,282000.0,4.447521209716797
618000.0,282000.0,4.407041072845459
630000.0,282000.0,3.650124073028564
642000.0,282000.0,2.903128862380981
654000.0,282000.0,2.838764429092407
666000.0,282000.0,3.152557611465454
678000.0,282000.0,3.384071111679077
690000.0,282000.0,3.165369033813477
702000.0,282000.0,3.57146692276001
714000.0,282000.0,3.971082448959351
726000.0,282000.0,4.285857677459717
738000.0,282000.0,4.870705127716064
750000.0,282000.0,3.579180717468262
762000.0,282000.0,3.065282821655273
774000.0,282000.0,4.362825870513916
786000.0,282000.0,4.627755165100098
798000.0,282000.0,3.073851585388184
810000.0,282000.0,3.184538841247559
822000.0,282000.0,3.109721422195435
834000.0,282000.0,3.286250352859497
846000.0,282000.0,2.660057306289673
858000.0,282000.0,1.96859610080719
870000.0,282000.0,1.983755588531494
882000.0,282000.0,1.868039846420288
894000.0,282000.0,2.294671297073364
906000.0,282000.0,3.065906763076782
918000.0,282000.0,3.341949224472046
930000.0,282000.0,3.003333806991577
942000.0,282000.0,3.389871120452881
954000.0,282000.0,3.286555290222168
966000.0,282000.0,3.259646018346151
54000.0,294000.0,3.065406084060669
66000.0,294000.0,2.723135232925415
78000.0,294000.0,2.621411085128784
90000.0,294000.0,2.348205804824829
102000.0,294000.0,2.435043334960938
114000.0,294000.0,2.952467679977417
126000.0,294000.0,3.501523017883301
138000.0,294000.0,3.679624319076538
150000.0,294000.0,2.892954587936401
162000.0,294000.0,2.672294139862061
174000.0,294000.0,3.151118755340576
186000.0,294000.0,4.841404438018799
198000.0,294000.0,6.76963472366333
210000.0,294000.0,5.444140911102295
222000.0,294000.0,5.600611209869385
234000.0,294000.0,4.02375602722168
246000.0,294000.0,4.177372455596924
258000.0,294000.0,4.388634204864502
270000.0,294000.0,4.194632053375244
282000.0,294000.0,4.176342964172363
294000.0,294000.0,4.219763278961182
306000.0,294000.0,4.686405658721924
318000.0,294000.0,5.791276454925537
330000.0,294000.0,5.2372727394104
342000.0,294000.0,4.328931331634521
354000.0,294000.0,3.987150192260742
366000.0,294000.0,3.097763776779175
378000.0,294000.0,2.537339687347412
510000.0,294000.0,5.3564097086588545
522000.0,294000.0,3.6750495433807373
534000.0,294000.0,3.0490618546803794
558000.0,294000.0,3.679455041885376
570000.0,294000.0,3.543343782424927
582000.0,294000.0,3.508336544036865
594000.0,294000.0,4.063959121704102
606000.0,294000.0,5.302115917205811
618000.0,294000.0,4.414298534393311
630000.0,294000.0,3.416619539260864
642000.0,294000.0,2.617878675460815
654000.0,294000.0,3.218576431274414
666000.0,294000.0,2.991545677185059
678000.0,294000.0,2.658763408660889
690000.0,294000.0,2.629096269607544
702000.0,294000.0,4.508145809173584
714000.0,294000.0,3.124677419662476
726000.0,294000.0,3.286019563674927
738000.0,294000.0,3.793026208877563
750000.0,294000.0,3.153996706008911
762000.0,294000.0,3.275901317596436
774000.0,294000.0,4.351895332336426
786000.0,294000.0,4.537581920623779
798000.0,294000.0,4.968783855438232
810000.0,294000.0,2.999631404876709
822000.0,294000.0,2.451416492462158
834000.0,294000.0,2.830166101455688
846000.0,294000.0,2.461624383926392
858000.0,294000.0,1.891732692718506
870000.0,294000.0,1.84733510017395
882000.0,294000.0,2.0033487478892007
906000.0,294000.0,3.1535074710845947
918000.0,294000.0,3.267671823501587
930000.0,294000.0,3.543030500411987
942000.0,294000.0,3.317201852798462
954000.0,294000.0,3.141033411026001
966000.0,294000.0,2.9580756028493247
78000.0,306000.0,2.462652047475179
90000.0,306000.0,2.418339252471924
102000.0,306000.0,2.484140157699585
114000.0,306000.0,2.711369752883911
126000.0,306000.0,2.998480796813965
138000.0,306000.0,2.774048566818237
150000.0,306000.0,2.336023330688477
162000.0,306000.0,2.699954032897949
174000.0,306000.0,3.121305227279663
186000.0,306000.0,4.475427150726318
198000.0,306000.0,5.137442588806152
210000.0,306000.0,4.818249225616455
222000.0,306000.0,4.714148044586182
234000.0,306000.0,3.329628229141235
246000.0,306000.0,3.296894073486328
258000.0,306000.0,3.139305830001831
270000.0,306000.0,3.340627908706665
282000.0,306000.0,3.499600648880005
294000.0,306000.0,2.926432847976685
306000.0,306000.0,3.362555265426636
318000.0,306000.0,3.958266019821167
330000.0,306000.0,4.449357509613037
342000.0,306000.0,3.365165233612061
354000.0,306000.0,3.066828012466431
366000.0,306000.0,2.393496513366699
378000.0,306000.0,2.120758771896362
390000.0,306000.0,2.2274563312530518
486000.0,306000.0,4.2735287348429365
498000.0,306000.0,4.710782051086426
510000.0,306000.0,4.339362144470215
522000.0,306000.0,3.777395725250244
534000.0,306000.0,2.908390760421753
546000.0,306000.0,2.559339761734009
558000.0,306000.0,2.516033172607422
570000.0,306000.0,3.045743227005005
582000.0,306000.0,3.206227540969849
594000.0,306000.0,3.880220890045166
606000.0,306000.0,4.379127502441406
618000.0,306000.0,4.60739803314209
630000.0,306000.0,3.624028921127319
642000.0,306000.0,2.792553901672363
654000.0,306000.0,3.179629325866699
666000.0,306000.0,2.668464183807373
678000.0,306000.0,2.32806921005249
690000.0,306000.0,2.734940052032471
702000.0,306000.0,3.460235357284546
714000.0,306000.0,2.991910457611084
726000.0,306000.0,2.531424283981323
738000.0,306000.0,2.751321077346802
750000.0,306000.0,2.889665603637695
762000.0,306000.0,3.282251119613647
774000.0,306000.0,4.580361843109131
786000.0,306000.0,3.798129081726074
798000.0,306000.0,4.500919818878174
810000.0,306000.0,3.710386753082275
822000.0,306000.0,2.498737096786499
834000.0,306000.0,2.663384437561035
846000.0,306000.0,2.854163408279419
858000.0,306000.0,2.0184645652771
870000.0,306000.0,1.9191774527231853
918000.0,306000.0,3.2660229206085205
930000.0,306000.0,3.357774972915649
942000.0,306000.0,3.172621965408325
954000.0,306000.0,3.032745122909546
966000.0,306000.0,2.7982219060262046
90000.0,318000.0,2.773310422897339
102000.0,318000.0,3.038206100463867
114000.0,318000.0,2.965897798538208
126000.0,318000.0,2.311189889907837
138000.0,318000.0,2.542664766311646
150000.0,318000.0,2.054108381271362
162000.0,318000.0,2.569235324859619
174000.0,318000.0,2.975305318832397
186000.0,318000.0,3.809550046920776
198000.0,318000.0,4.242590427398682
210000.0,318000.0,4.342794418334961
222000.0,318000.0,3.650814056396484
234000.0,318000.0,3.244831562042236
246000.0,318000.0,2.787042856216431
258000.0,318000.0,3.15820050239563
270000.0,318000.0,3.191783428192139
282000.0,318000.0,3.064404249191284
294000.0,318000.0,2.46209716796875
306000.0,318000.0,2.505152940750122
318000.0,318000.0,2.690146207809448
330000.0,318000.0,3.244147777557373
342000.0,318000.0,3.30084228515625
354000.0,318000.0,2.739134550094604
366000.0,318000.0,2.543519020080566
378000.0,318000.0,2.181907892227173
390000.0,318000.0,2.126335541407267
462000.0,318000.0,2.9510932763417563
474000.0,318000.0,3.466142177581787
486000.0,318000.0,4.156802177429199
498000.0,318000.0,5.636181831359863
510000.0,318000.0,7.952471256256104
522000.0,318000.0,5.336020469665527
534000.0,318000.0,3.413369178771973
546000.0,318000.0,2.665887117385864
558000.0,318000.0,2.505638360977173
570000.0,318000.0,2.822795152664185
582000.0,318000.0,3.530015468597412
594000.0,318000.0,4.109799861907959
606000.0,318000.0,4.951285839080811
618000.0,318000.0,5.105596542358398
630000.0,318000.0,3.845274448394775
642000.0,318000.0,2.926311254501343
654000.0,318000.0,2.939829587936401
666000.0,318000.0,2.569005250930786
678000.0,318000.0,2.072847366333008
690000.0,318000.0,2.549270629882812
702000.0,318000.0,2.805323123931885
714000.0,318000.0,2.555583238601685
726000.0,318000.0,2.198642492294312
738000.0,318000.0,2.229223966598511
750000.0,318000.0,2.690082550048828
762000.0,318000.0,3.360080718994141
774000.0,318000.0,4.572546482086182
786000.0,318000.0,3.923865079879761
798000.0,318000.0,3.639184713363647
810000.0,318000.0,3.37363600730896
822000.0,318000.0,2.725267887115479
834000.0,318000.0,2.804205179214478
846000.0,318000.0,2.804773092269897
858000.0,318000.0,2.263971328735352
870000.0,318000.0,2.043256998062134
918000.0,318000.0,2.9536083539326987
930000.0,318000.0,2.588113784790039
942000.0,318000.0,2.914936304092407
954000.0,318000.0,2.661472320556641
966000.0,318000.0,2.700448274612427
978000.0,318000.0,2.5510056018829346
990000.0,318000.0,2.9649346669514975
1002000.0,318000.0,3.0832791328430176
1014000.0,318000.0,3.1167240937550864
1026000.0,318000.0,3.012495676676432
90000.0,330000.0,2.6052698294321694
102000.0,330000.0,2.863385915756226
114000.0,330000.0,2.63086199760437
126000.0,330000.0,2.056676149368286
138000.0,330000.0,2.069672584533691
150000.0,330000.0,2.096002578735352
162000.0,330000.0,2.36118483543396
174000.0,330000.0,2.870835781097412
186000.0,330000.0,3.063442230224609
198000.0,330000.0,3.77737021446228
210000.0,330000.0,3.387414693832397
222000.0,330000.0,3.336855888366699
234000.0,330000.0,3.190503120422363
246000.0,330000.0,2.245660781860352
258000.0,330000.0,2.555046319961548
270000.0,330000.0,2.776681661605835
282000.0,330000.0,2.571586847305298
294000.0,330000.0,2.36152172088623
306000.0,330000.0,2.248284578323364
318000.0,330000.0,2.067485570907593
330000.0,330000.0,2.460069894790649
342000.0,330000.0,2.485188961029053
354000.0,330000.0,2.453424215316772
366000.0,330000.0,2.115262508392334
378000.0,330000.0,2.028985023498535
390000.0,330000.0,2.168113708496094
402000.0,330000.0,2.3892000516255703
414000.0,330000.0,2.3831516901652017
426000.0,330000.0,2.5520077546437583
438000.0,330000.0,2.6228891213734946
450000.0,330000.0,2.790492137273153
462000.0,330000.0,2.829321146011353
474000.0,330000.0,3.197474956512451
486000.0,330000.0,4.324421882629395
498000.0,330000.0,6.519409656524658
510000.0,330000.0,8.127326965332031
522000.0,330000.0,5.697605133056641
534000.0,330000.0,4.485662460327148
546000.0,330000.0,2.70468544960022
558000.0,330000.0,2.332499504089355
570000.0,330000.0,2.757230520248413
582000.0,330000.0,3.904805421829224
594000.0,330000.0,4.437641620635986
606000.0,330000.0,4.517622947692871
618000.0,330000.0,3.983637094497681
630000.0,330000.0,3.402178764343262
642000.0,330000.0,3.119463682174683
654000.0,330000.0,2.737195491790771
666000.0,330000.0,2.14885139465332
678000.0,330000.0,1.883517265319824
690000.0,330000.0,2.253067493438721
702000.0,330000.0,2.349095344543457
714000.0,330000.0,2.187790632247925
726000.0,330000.0,1.996264696121216
738000.0,330000.0,2.416782140731812
750000.0,330000.0,2.225341081619263
762000.0,330000.0,3.302360057830811
774000.0,330000.0,4.579880237579346
786000.0,330000.0,3.734015464782715
798000.0,330000.0,2.737473487854004
810000.0,330000.0,3.201663732528687
822000.0,330000.0,3.374077081680298
834000.0,330000.0,3.17099928855896
846000.0,330000.0,2.675564050674438
858000.0,330000.0,2.340446472167969
870000.0,330000.0,2.3576374848683677
930000.0,330000.0,2.4444831212361655
942000.0,330000.0,2.38359546661377
954000.0,330000.0,2.361740112304688
966000.0,330000.0,2.540688753128052
978000.0,330000.0,2.411879777908325
990000.0,330000.0,2.917579174041748
1002000.0,330000.0,3.276776552200317
1014000.0,330000.0,3.055481672286987
1026000.0,330000.0,3.098783175150553
90000.0,342000.0,2.5966166655222573
102000.0,342000.0,2.898674488067627
114000.0,342000.0,2.357091188430786
126000.0,342000.0,1.990989089012146
138000.0,342000.0,1.971166849136353
150000.0,342000.0,2.312522172927856
162000.0,342000.0,2.548996210098267
174000.0,342000.0,2.437112092971802
186000.0,342000.0,2.64069676399231
198000.0,342000.0,2.922532081604004
210000.0,342000.0,2.587321996688843
222000.0,342000.0,2.473883390426636
234000.0,342000.0,2.207027912139893
246000.0,342000.0,1.963587045669556
258000.0,342000.0,2.100090980529785
270000.0,342000.0,2.248546838760376
282000.0,342000.0,2.27381157875061
294000.0,342000.0,2.513537406921387
306000.0,342000.0,2.039053440093994
318000.0,342000.0,1.911020636558533
330000.0,342000.0,2.004593372344971
342000.0,342000.0,1.889714479446411
354000.0,342000.0,1.902104496955872
366000.0,342000.0,1.949013829231262
378000.0,342000.0,2.066037654876709
390000.0,342000.0,2.408782243728638
402000.0,342000.0,2.496459007263184
414000.0,342000.0,2.503027439117432
426000.0,342000.0,2.47831392288208
438000.0,342000.0,2.674681901931763
450000.0,342000.0,2.715671539306641
462000.0,342000.0,2.826483726501465
474000.0,342000.0,3.044149398803711
486000.0,342000.0,3.904638767242432
498000.0,342000.0,4.890576362609863
510000.0,342000.0,7.112906455993652
522000.0,342000.0,4.888758182525635
534000.0,342000.0,3.402373313903809
546000.0,342000.0,2.429380893707275
558000.0,342000.0,2.307839870452881
570000.0,342000.0,2.741500377655029
582000.0,342000.0,3.75346565246582
594000.0,342000.0,4.345003128051758
606000.0,342000.0,3.742217540740967
618000.0,342000.0,3.091577768325806
630000.0,342000.0,2.925934314727783
642000.0,342000.0,2.886557817459106
654000.0,342000.0,2.704263687133789
666000.0,342000.0,2.018624067306519
678000.0,342000.0,1.723550319671631
702000.0,342000.0,2.110172271728516
714000.0,342000.0,2.178666591644287
726000.0,342000.0,1.946184039115906
738000.0,342000.0,2.366348028182983
750000.0,342000.0,2.194552898406982
762000.0,342000.0,2.876366376876831
774000.0,342000.0,4.164391040802002
786000.0,342000.0,3.868446588516235
798000.0,342000.0,2.553462028503418
810000.0,342000.0,2.620811223983765
822000.0,342000.0,3.097899913787842
834000.0,342000.0,2.982751131057739
846000.0,342000.0,2.655413389205933
858000.0,342000.0,2.468494653701782
870000.0,342000.0,2.4170596599578857
954000.0,342000.0,2.521300395329794
966000.0,342000.0,2.534292380015056
978000.0,342000.0,2.660278081893921
990000.0,342000.0,2.641114950180054
1002000.0,342000.0,2.927839517593384
1014000.0,342000.0,3.017914056777954
1026000.0,342000.0,2.964091300964355
1038000.0,342000.0,2.9009260336558023
1050000.0,342000.0,2.836090167363485
78000.0,354000.0,2.7563443978627524
90000.0,354000.0,2.534084320068359
102000.0,354000.0,2.931335210800171
114000.0,354000.0,2.323762655258179
126000.0,354000.0,2.026633262634277
138000.0,354000.0,2.25339412689209
150000.0,354000.0,2.938670635223389
162000.0,354000.0,2.778227806091309
174000.0,354000.0,2.374419212341309
186000.0,354000.0,2.237580299377441
198000.0,354000.0,2.769858598709106
210000.0,354000.0,2.696490049362183
222000.0,354000.0,2.234858751296997
234000.0,354000.0,1.992533683776855
246000.0,354000.0,1.902101635932922
258000.0,354000.0,2.071333885192871
270000.0,354000.0,2.061175584793091
282000.0,354000.0,2.354425191879272
294000.0,354000.0,2.213782787322998
306000.0,354000.0,1.865176677703857
318000.0,354000.0,1.838925361633301
330000.0,354000.0,1.986301183700562
342000.0,354000.0,1.999736547470093
354000.0,354000.0,2.006843090057373
366000.0,354000.0,2.1139817237854
378000.0,354000.0,2.19856071472168
390000.0,354000.0,2.340044021606445
402000.0,354000.0,2.629083395004272
414000.0,354000.0,2.778984785079956
426000.0,354000.0,2.728004217147827
438000.0,354000.0,3.110520362854004
450000.0,354000.0,3.704669713973999
462000.0,354000.0,3.600172996520996
474000.0,354000.0,3.286768674850464
486000.0,354000.0,3.673597812652588
498000.0,354000.0,4.61439323425293
510000.0,354000.0,5.688148975372314
522000.0,354000.0,3.36106014251709
534000.0,354000.0,2.552002429962158
546000.0,354000.0,2.876020431518555
558000.0,354000.0,2.702117443084717
570000.0,354000.0,2.952563047409058
582000.0,354000.0,3.809802055358887
594000.0,354000.0,3.989663600921631
606000.0,354000.0,3.394631147384644
618000.0,354000.0,2.431328296661377
630000.0,354000.0,2.248366117477417
642000.0,354000.0,2.427886009216309
654000.0,354000.0,2.740403175354004
666000.0,354000.0,2.363352298736572
678000.0,354000.0,1.812416315078735
690000.0,354000.0,1.656026244163513
702000.0,354000.0,2.007739067077637
714000.0,354000.0,2.058698177337646
726000.0,354000.0,1.844774842262268
738000.0,354000.0,2.103155136108398
750000.0,354000.0,2.052847146987915
762000.0,354000.0,2.298808574676514
774000.0,354000.0,3.233623743057251
786000.0,354000.0,3.70073676109314
798000.0,354000.0,2.465065479278564
810000.0,354000.0,2.578997850418091
822000.0,354000.0,2.651509046554565
834000.0,354000.0,2.684076309204102
846000.0,354000.0,2.416905403137207
858000.0,354000.0,2.442237854003906
870000.0,354000.0,2.3669005235036216
990000.0,354000.0,2.797110160191854
1002000.0,354000.0,2.797110160191854
1014000.0,354000.0,2.822376012802124
1026000.0,354000.0,2.823406457901001
1038000.0,354000.0,2.720772743225098
1050000.0,354000.0,2.735623598098755
66000.0,366000.0,2.6614304383595786
78000.0,366000.0,2.6614304383595786
90000.0,366000.0,2.803613662719727
102000.0,366000.0,2.928524017333984
114000.0,366000.0,2.363268136978149
126000.0,366000.0,2.268338680267334
138000.0,366000.0,2.572789192199707
150000.0,366000.0,2.987831592559814
162000.0,366000.0,2.465979337692261
174000.0,366000.0,2.322185754776001
186000.0,366000.0,2.266524314880371
198000.0,366000.0,2.205634832382202
210000.0,366000.0,2.529054403305054
222000.0,366000.0,2.18530011177063
234000.0,366000.0,1.945981860160828
246000.0,366000.0,2.036333084106445
258000.0,366000.0,2.103010177612305
270000.0,366000.0,2.069520473480225
282000.0,366000.0,2.227818012237549
294000.0,366000.0,2.090604066848755
306000.0,366000.0,1.993850350379944
318000.0,366000.0,1.814448952674866
330000.0,366000.0,1.960436701774597
342000.0,366000.0,2.005769968032837
354000.0,366000.0,1.977665305137634
366000.0,366000.0,2.072839021682739
378000.0,366000.0,2.214661121368408
390000.0,366000.0,2.242090702056885
402000.0,366000.0,2.691863775253296
414000.0,366000.0,3.590136289596558
426000.0,366000.0,3.26196026802063
438000.0,366000.0,3.363090753555298
450000.0,366000.0,4.681454658508301
462000.0,366000.0,4.365801334381104
474000.0,366000.0,3.639924049377441
486000.0,366000.0,4.513007640838623
498000.0,366000.0,4.647944927215576
510000.0,366000.0,3.689048051834106
522000.0,366000.0,2.752729415893555
534000.0,366000.0,3.72945237159729
546000.0,366000.0,3.779966831207275
558000.0,366000.0,3.269715309143066
570000.0,366000.0,3.053193092346191
582000.0,366000.0,3.644837856292725
594000.0,366000.0,3.795618772506714
606000.0,366000.0,3.273030281066895
618000.0,366000.0,2.24215292930603
630000.0,366000.0,1.986331939697266
642000.0,366000.0,2.110301494598389
654000.0,366000.0,2.582066535949707
666000.0,366000.0,2.661280393600464
678000.0,366000.0,1.844816088676453
690000.0,366000.0,1.7710862159729004
702000.0,366000.0,1.8361937999725342
714000.0,366000.0,1.970404028892517
738000.0,366000.0,2.0419857501983643
750000.0,366000.0,1.943044900894165
762000.0,366000.0,2.079757213592529
774000.0,366000.0,2.715636730194092
786000.0,366000.0,3.175282001495361
798000.0,366000.0,2.521919250488281
810000.0,366000.0,2.53453803062439
822000.0,366000.0,2.510449171066284
834000.0,366000.0,2.513147115707397
846000.0,366000.0,2.439359188079834
858000.0,366000.0,2.241558313369751
870000.0,366000.0,2.3522194226582847
1014000.0,366000.0,2.76949135462443
1026000.0,366000.0,2.76949135462443
1038000.0,366000.0,2.662691593170166
1050000.0,366000.0,2.735623598098755
78000.0,378000.0,2.7289090951283774
90000.0,378000.0,2.646593332290649
102000.0,378000.0,2.736520290374756
114000.0,378000.0,2.34713339805603
126000.0,378000.0,2.361805200576782
138000.0,378000.0,2.721497535705566
150000.0,378000.0,2.450462341308594
162000.0,378000.0,2.326761960983276
174000.0,378000.0,2.470491409301758
186000.0,378000.0,2.380414962768555
198000.0,378000.0,2.3941330909729
210000.0,378000.0,2.014318466186523
222000.0,378000.0,1.873628973960876
234000.0,378000.0,1.878530263900757
246000.0,378000.0,1.992357730865479
258000.0,378000.0,1.938995242118835
270000.0,378000.0,1.892959117889404
282000.0,378000.0,2.007722616195679
294000.0,378000.0,1.883173227310181
306000.0,378000.0,1.926351308822632
318000.0,378000.0,1.941481828689575
330000.0,378000.0,2.096031665802002
342000.0,378000.0,2.201767444610596
354000.0,378000.0,2.036213874816895
366000.0,378000.0,2.075685501098633
378000.0,378000.0,2.21872615814209
390000.0,378000.0,2.267040014266968
402000.0,378000.0,2.65332818031311
414000.0,378000.0,3.578592777252197
426000.0,378000.0,3.634564638137817
438000.0,378000.0,3.388084411621094
450000.0,378000.0,3.600059747695923
462000.0,378000.0,3.724426984786987
474000.0,378000.0,4.459084510803223
486000.0,378000.0,5.155295372009277
498000.0,378000.0,4.978360176086426
510000.0,378000.0,3.244575023651123
522000.0,378000.0,3.934732437133789
534000.0,378000.0,4.633623600006104
546000.0,378000.0,3.720357418060303
558000.0,378000.0,2.706932783126831
570000.0,378000.0,2.652118921279907
582000.0,378000.0,2.874675273895264
594000.0,378000.0,2.994597196578979
606000.0,378000.0,3.212767601013184
618000.0,378000.0,2.808958768844604
630000.0,378000.0,2.048434019088745
642000.0,378000.0,1.870048880577087
654000.0,378000.0,2.172764539718628
666000.0,378000.0,2.365287065505981
678000.0,378000.0,2.007506489753723
750000.0,378000.0,2.0252164204915366
762000.0,378000.0,2.115345239639282
774000.0,378000.0,2.323233604431152
786000.0,378000.0,2.632982969284058
798000.0,378000.0,2.413101196289062
810000.0,378000.0,2.305161476135254
822000.0,378000.0,2.305218696594238
834000.0,378000.0,2.401941299438477
846000.0,378000.0,2.409963846206665
858000.0,378000.0,2.375740766525269
870000.0,378000.0,2.342420975367228
1038000.0,378000.0,2.735623598098755
1050000.0,378000.0,2.735623598098755
78000.0,390000.0,2.5164312521616616
90000.0,390000.0,2.385587215423584
102000.0,390000.0,2.517113208770752
114000.0,390000.0,2.5376136302948
126000.0,390000.0,2.531964063644409
138000.0,390000.0,2.646015167236328
150000.0,390000.0,2.334533452987671
162000.0,390000.0,2.087508678436279
174000.0,390000.0,2.22636079788208
186000.0,390000.0,2.275434970855713
198000.0,390000.0,2.390365600585938
210000.0,390000.0,2.430364608764648
222000.0,390000.0,1.929536461830139
234000.0,390000.0,1.799322962760925
246000.0,390000.0,1.769147157669067
258000.0,390000.0,1.836020708084106
270000.0,390000.0,1.869157791137695
282000.0,390000.0,1.974583029747009
294000.0,390000.0,1.985307812690735
306000.0,390000.0,1.954814434051514
318000.0,390000.0,1.944866538047791
330000.0,390000.0,2.104345321655273
342000.0,390000.0,2.398339033126831
354000.0,390000.0,2.473373174667358
366000.0,390000.0,2.528026103973389
378000.0,390000.0,2.512690305709839
390000.0,390000.0,2.452227830886841
402000.0,390000.0,2.794612884521484
414000.0,390000.0,3.532103538513184
426000.0,390000.0,3.851885795593262
438000.0,390000.0,3.359856128692627
450000.0,390000.0,3.112117767333984
462000.0,390000.0,3.732644557952881
474000.0,390000.0,4.66430139541626
486000.0,390000.0,4.432589530944824
498000.0,390000.0,4.381481170654297
510000.0,390000.0,3.438344955444336
522000.0,390000.0,3.50316047668457
534000.0,390000.0,3.730081796646118
546000.0,390000.0,3.214464664459229
558000.0,390000.0,2.296884536743164
570000.0,390000.0,2.191871404647827
582000.0,390000.0,2.406437873840332
594000.0,390000.0,2.633320569992065
606000.0,390000.0,2.806957721710205
618000.0,390000.0,3.410539627075195
630000.0,390000.0,2.357015371322632
642000.0,390000.0,1.879238128662109
654000.0,390000.0,1.909626364707947
666000.0,390000.0,2.1492259899775186
774000.0,390000.0,2.4508983294169107
786000.0,390000.0,2.4102553526560464
798000.0,390000.0,2.313824653625488
810000.0,390000.0,2.283958435058594
822000.0,390000.0,2.250009298324585
834000.0,390000.0,2.274989128112793
846000.0,390000.0,2.422572612762451
858000.0,390000.0,2.381797075271606
870000.0,390000.0,2.3501394589742026
1134000.0,390000.0,3.423001209894816
1146000.0,390000.0,3.423001209894816
78000.0,402000.0,2.3726797103881836
90000.0,402000.0,2.351197481155396
102000.0,402000.0,2.381254434585571
114000.0,402000.0,2.447905778884888
126000.0,402000.0,2.570749521255493
138000.0,402000.0,2.405871391296387
150000.0,402000.0,2.252169847488403
162000.0,402000.0,2.140223979949951
174000.0,402000.0,2.142489433288574
186000.0,402000.0,2.049358367919922
198000.0,402000.0,2.125387191772461
210000.0,402000.0,2.405515670776367
222000.0,402000.0,2.398331642150879
234000.0,402000.0,1.941910982131958
246000.0,402000.0,1.759120941162109
258000.0,402000.0,1.874273896217346
270000.0,402000.0,2.072986125946045
282000.0,402000.0,2.198743581771851
294000.0,402000.0,2.038025617599487
306000.0,402000.0,2.014078140258789
318000.0,402000.0,2.023293733596802
330000.0,402000.0,2.146424770355225
342000.0,402000.0,2.476595878601074
354000.0,402000.0,2.834453105926514
366000.0,402000.0,3.383968114852905
378000.0,402000.0,3.369335174560547
390000.0,402000.0,3.181018114089966
402000.0,402000.0,3.673016786575317
414000.0,402000.0,3.754233121871948
426000.0,402000.0,3.338749885559082
438000.0,402000.0,3.272480010986328
450000.0,402000.0,2.834333658218384
462000.0,402000.0,3.58241868019104
474000.0,402000.0,4.40530252456665
486000.0,402000.0,3.481527328491211
498000.0,402000.0,3.445425987243652
510000.0,402000.0,2.843766450881958
522000.0,402000.0,2.469663858413696
534000.0,402000.0,2.716654300689697
546000.0,402000.0,2.610172271728516
558000.0,402000.0,2.006249666213989
570000.0,402000.0,1.985461473464966
582000.0,402000.0,2.233353137969971
594000.0,402000.0,2.51919150352478
606000.0,402000.0,2.403044939041138
618000.0,402000.0,2.464925527572632
630000.0,402000.0,2.05284571647644
642000.0,402000.0,1.880580186843872
654000.0,402000.0,1.8898148934046428
798000.0,402000.0,2.3369614283243814
810000.0,402000.0,2.272843837738037
822000.0,402000.0,2.2485822836558023
834000.0,402000.0,2.220748424530029
846000.0,402000.0,2.326487302780151
858000.0,402000.0,2.24604868888855
870000.0,402000.0,2.318111022313436
1134000.0,402000.0,3.423001209894816
1146000.0,402000.0,3.423001209894816
90000.0,414000.0,2.360387643178304
102000.0,414000.0,2.344378232955933
114000.0,414000.0,2.38549542427063
126000.0,414000.0,2.313812494277954
138000.0,414000.0,2.200331211090088
150000.0,414000.0,2.151579856872559
162000.0,414000.0,2.291807651519775
174000.0,414000.0,2.283103942871094
186000.0,414000.0,1.991413712501526
198000.0,414000.0,1.972065567970276
210000.0,414000.0,2.228321552276611
222000.0,414000.0,2.368193626403809
234000.0,414000.0,2.147731781005859
246000.0,414000.0,1.722955942153931
258000.0,414000.0,1.852015733718872
270000.0,414000.0,2.065722703933716
282000.0,414000.0,2.018798828125
294000.0,414000.0,1.937764763832092
306000.0,414000.0,1.836864709854126
318000.0,414000.0,1.873862266540527
330000.0,414000.0,2.016259431838989
342000.0,414000.0,2.401838064193726
354000.0,414000.0,3.00664234161377
366000.0,414000.0,3.094771862030029
378000.0,414000.0,3.211626768112183
390000.0,414000.0,4.005658626556396
402000.0,414000.0,3.967791557312012
414000.0,414000.0,2.823266506195068
426000.0,414000.0,2.486807823181152
438000.0,414000.0,2.4308180809021
450000.0,414000.0,2.681532382965088
462000.0,414000.0,3.138664245605469
474000.0,414000.0,3.27694296836853
486000.0,414000.0,2.61875581741333
498000.0,414000.0,2.447793245315552
510000.0,414000.0,2.128033399581909
522000.0,414000.0,1.985715627670288
534000.0,414000.0,2.148643255233765
546000.0,414000.0,2.166991233825684
558000.0,414000.0,1.972409248352051
570000.0,414000.0,1.860386848449707
582000.0,414000.0,2.00265645980835
594000.0,414000.0,2.12628436088562
606000.0,414000.0,2.239423990249634
618000.0,414000.0,2.138145685195923
630000.0,414000.0,1.971827983856201
642000.0,414000.0,1.9105487664540608
834000.0,414000.0,2.2740749518076577
846000.0,414000.0,2.26442813873291
858000.0,414000.0,2.318111022313436
1146000.0,414000.0,3.423001209894816
1158000.0,414000.0,3.423001209894816
90000.0,426000.0,2.3091514110565186
102000.0,426000.0,2.396054744720459
114000.0,426000.0,2.476604700088501
126000.0,426000.0,2.32270336151123
138000.0,426000.0,2.199832916259766
150000.0,426000.0,2.243391275405884
162000.0,426000.0,2.342186689376831
174000.0,426000.0,2.308076620101929
186000.0,426000.0,1.960632801055908
198000.0,426000.0,1.812897801399231
210000.0,426000.0,2.054977655410767
222000.0,426000.0,2.087721347808838
234000.0,426000.0,1.900569081306458
246000.0,426000.0,1.745321154594421
258000.0,426000.0,1.793757438659668
270000.0,426000.0,1.94398021697998
282000.0,426000.0,1.979767560958862
294000.0,426000.0,1.889880657196045
306000.0,426000.0,1.763550043106079
318000.0,426000.0,1.822153091430664
330000.0,426000.0,1.894387125968933
342000.0,426000.0,2.223421335220337
354000.0,426000.0,2.661844491958618
366000.0,426000.0,2.613605976104736
378000.0,426000.0,2.689545392990112
390000.0,426000.0,3.045416593551636
402000.0,426000.0,2.657070398330688
414000.0,426000.0,2.11669921875
426000.0,426000.0,1.99017870426178
438000.0,426000.0,2.08980655670166
450000.0,426000.0,2.210979461669922
462000.0,426000.0,2.299103260040283
474000.0,426000.0,2.204179525375366
486000.0,426000.0,1.917558908462524
498000.0,426000.0,1.830315709114075
510000.0,426000.0,1.79716944694519
522000.0,426000.0,1.82259726524353
534000.0,426000.0,1.906077146530151
546000.0,426000.0,1.898062586784363
558000.0,426000.0,1.860778331756592
570000.0,426000.0,1.807452440261841
582000.0,426000.0,1.827836394309998
594000.0,426000.0,1.9205243984858198
606000.0,426000.0,2.064514915148417
618000.0,426000.0,2.1164658864339194
630000.0,426000.0,2.054273128509521
1074000.0,426000.0,3.094892422358195
1146000.0,426000.0,3.423001209894816
1158000.0,426000.0,3.155350923538208
1170000.0,426000.0,3.2967096169789634
1182000.0,426000.0,3.52048389116923
1194000.0,426000.0,3.2714839776357016
78000.0,438000.0,2.2573304971059165
90000.0,438000.0,2.187021255493164
102000.0,438000.0,2.299092531204224
114000.0,438000.0,2.273943185806274
126000.0,438000.0,2.301847219467163
138000.0,438000.0,2.188877105712891
150000.0,438000.0,2.321921586990356
162000.0,438000.0,2.372867107391357
174000.0,438000.0,2.133325099945068
186000.0,438000.0,1.951825976371765
198000.0,438000.0,1.725314617156982
210000.0,438000.0,1.885542511940002
222000.0,438000.0,2.037523031234741
234000.0,438000.0,1.960672378540039
246000.0,438000.0,1.841417670249939
258000.0,438000.0,1.763595938682556
270000.0,438000.0,1.770233273506165
282000.0,438000.0,1.890281081199646
294000.0,438000.0,1.861890554428101
306000.0,438000.0,1.866138935089111
318000.0,438000.0,1.924753665924072
330000.0,438000.0,1.813506722450256
342000.0,438000.0,2.043600559234619
354000.0,438000.0,2.270765066146851
366000.0,438000.0,2.267099857330322
378000.0,438000.0,2.146635293960571
390000.0,438000.0,2.05822229385376
402000.0,438000.0,1.868578791618347
414000.0,438000.0,1.798946976661682
426000.0,438000.0,1.782590389251709
438000.0,438000.0,1.864848852157593
450000.0,438000.0,1.778751492500305
462000.0,438000.0,1.842954993247986
474000.0,438000.0,1.750683546066284
486000.0,438000.0,1.843443155288696
498000.0,438000.0,1.884178400039673
510000.0,438000.0,1.707188010215759
522000.0,438000.0,1.723493337631226
534000.0,438000.0,1.95054292678833
546000.0,438000.0,1.840076684951782
558000.0,438000.0,1.8361024856567383
570000.0,438000.0,1.8320223887761438
582000.0,438000.0,1.87931509812673
1110000.0,438000.0,3.423001209894816
1122000.0,438000.0,3.5131479104359946
1134000.0,438000.0,3.5131479104359946
1146000.0,438000.0,3.466634750366211
1158000.0,438000.0,3.647017955780029
1170000.0,438000.0,3.425791025161743
1182000.0,438000.0,3.562978267669678
1194000.0,438000.0,3.36163067817688
78000.0,450000.0,2.2038286526997886
90000.0,450000.0,2.285877704620361
102000.0,450000.0,2.13858699798584
114000.0,450000.0,2.274435520172119
126000.0,450000.0,2.377261877059937
138000.0,450000.0,2.212190866470337
150000.0,450000.0,2.280640840530396
162000.0,450000.0,2.182457447052002
174000.0,450000.0,2.011295318603516
186000.0,450000.0,1.853960156440735
198000.0,450000.0,1.710834980010986
210000.0,450000.0,1.816413283348083
222000.0,450000.0,1.868273973464966
234000.0,450000.0,1.933688640594482
246000.0,450000.0,1.941035509109497
258000.0,450000.0,1.912399053573608
270000.0,450000.0,1.778363227844238
282000.0,450000.0,1.922446966171265
294000.0,450000.0,1.785605788230896
306000.0,450000.0,1.942885041236877
318000.0,450000.0,1.946947693824768
330000.0,450000.0,1.694453477859497
342000.0,450000.0,1.886531710624695
354000.0,450000.0,2.07535457611084
366000.0,450000.0,2.010674238204956
378000.0,450000.0,1.835930466651917
390000.0,450000.0,1.853554368019104
402000.0,450000.0,1.696438789367676
414000.0,450000.0,1.696749329566956
426000.0,450000.0,1.649069428443909
438000.0,450000.0,1.682963848114014
450000.0,450000.0,1.716156721115112
462000.0,450000.0,1.705944418907166
474000.0,450000.0,1.885663866996765
486000.0,450000.0,2.29896068572998
498000.0,450000.0,2.394325494766235
510000.0,450000.0,1.828101873397827
522000.0,450000.0,1.652126550674438
534000.0,450000.0,1.7753876050313313
546000.0,450000.0,1.7967552741368609
1122000.0,450000.0,3.3704706827799478
1134000.0,450000.0,3.3704706827799478
1146000.0,450000.0,3.3704706827799478
1158000.0,450000.0,3.335790395736694
1170000.0,450000.0,3.308986902236938
1182000.0,450000.0,3.57268238067627
1194000.0,450000.0,3.096122741699219
1206000.0,450000.0,3.325930674870809
78000.0,462000.0,2.2554014523824057
90000.0,462000.0,2.1835874716440835
102000.0,462000.0,2.077863454818726
114000.0,462000.0,2.40246319770813
126000.0,462000.0,2.583226680755615
138000.0,462000.0,2.409350156784058
150000.0,462000.0,2.244393825531006
162000.0,462000.0,1.975835919380188
174000.0,462000.0,1.901125907897949
186000.0,462000.0,1.863022327423096
198000.0,462000.0,1.754984498023987
210000.0,462000.0,1.767004609107971
222000.0,462000.0,1.788531184196472
234000.0,462000.0,1.915587186813354
246000.0,462000.0,1.963475465774536
258000.0,462000.0,1.862379193305969
270000.0,462000.0,1.852735042572021
282000.0,462000.0,1.900707840919495
294000.0,462000.0,1.813041687011719
306000.0,462000.0,1.798092842102051
318000.0,462000.0,1.733859062194824
330000.0,462000.0,1.65975821018219
342000.0,462000.0,1.77196741104126
354000.0,462000.0,1.858709454536438
366000.0,462000.0,1.802157878875732
378000.0,462000.0,1.709825277328491
390000.0,462000.0,1.680613398551941
402000.0,462000.0,1.60668671131134
414000.0,462000.0,1.609041690826416
426000.0,462000.0,1.613832473754883
438000.0,462000.0,1.618473887443542
450000.0,462000.0,1.668383955955505
462000.0,462000.0,1.778239488601685
474000.0,462000.0,2.00203275680542
486000.0,462000.0,2.335171699523926
498000.0,462000.0,2.939517259597778
510000.0,462000.0,2.360042333602905
522000.0,462000.0,1.9467569192250567
1158000.0,462000.0,3.4305984179178868
1170000.0,462000.0,3.405819892883301
1182000.0,462000.0,3.325930674870809
1194000.0,462000.0,3.325930674870809
1206000.0,462000.0,3.325930674870809
1218000.0,462000.0,3.410594463348389
102000.0,474000.0,2.026571273803711
114000.0,474000.0,2.591084957122803
126000.0,474000.0,2.718198537826538
138000.0,474000.0,2.454158067703247
150000.0,474000.0,2.124405860900879
162000.0,474000.0,1.853037595748901
174000.0,474000.0,1.79254162311554
186000.0,474000.0,2.058653593063354
198000.0,474000.0,2.01541543006897
210000.0,474000.0,1.745080709457397
222000.0,474000.0,1.777580142021179
234000.0,474000.0,1.826592683792114
246000.0,474000.0,1.842999696731567
258000.0,474000.0,1.752243757247925
270000.0,474000.0,1.808935403823853
282000.0,474000.0,1.905896425247192
294000.0,474000.0,1.864595770835876
306000.0,474000.0,1.935582995414734
318000.0,474000.0,1.775332570075989
330000.0,474000.0,1.757406115531921
342000.0,474000.0,1.611713171005249
354000.0,474000.0,1.69069230556488
366000.0,474000.0,1.701806783676147
378000.0,474000.0,1.674927830696106
390000.0,474000.0,1.618150472640991
402000.0,474000.0,1.597930788993835
414000.0,474000.0,1.621646285057068
426000.0,474000.0,1.645087480545044
438000.0,474000.0,1.66654646396637
450000.0,474000.0,1.841035485267639
462000.0,474000.0,2.021744012832642
474000.0,474000.0,1.809294104576111
486000.0,474000.0,2.098353862762451
498000.0,474000.0,2.846980333328247
510000.0,474000.0,2.348392724990845
522000.0,474000.0,2.0139427185058594
1170000.0,474000.0,3.405819892883301
90000.0,486000.0,2.250016450881958
102000.0,486000.0,2.250016450881958
114000.0,486000.0,2.645614624023438
126000.0,486000.0,2.591062068939209
138000.0,486000.0,2.373348951339722
150000.0,486000.0,2.074410676956177
162000.0,486000.0,1.934751749038696
174000.0,486000.0,1.764611959457397
186000.0,486000.0,1.968754529953003
198000.0,486000.0,2.184452533721924
210000.0,486000.0,1.936967611312866
222000.0,486000.0,1.829748630523682
234000.0,486000.0,1.794609785079956
246000.0,486000.0,1.754868149757385
258000.0,486000.0,1.755448698997498
270000.0,486000.0,1.792450308799744
282000.0,486000.0,1.821866869926453
294000.0,486000.0,1.813742637634277
306000.0,486000.0,1.912423491477966
318000.0,486000.0,1.838769674301147
330000.0,486000.0,1.846493601799011
342000.0,486000.0,1.636427283287048
354000.0,486000.0,1.626153945922852
366000.0,486000.0,1.645398020744324
378000.0,486000.0,1.650977611541748
390000.0,486000.0,1.67000937461853
402000.0,486000.0,1.694916248321533
414000.0,486000.0,1.675930976867676
426000.0,486000.0,1.662589311599731
438000.0,486000.0,1.82004177570343
450000.0,486000.0,2.129331588745117
462000.0,486000.0,2.243998527526855
474000.0,486000.0,1.875641942024231
486000.0,486000.0,2.32457709312439
498000.0,486000.0,2.511244773864746
510000.0,486000.0,2.041308879852295
522000.0,486000.0,2.3003154595692954
102000.0,498000.0,2.326178948084513
114000.0,498000.0,2.598893165588379
126000.0,498000.0,2.35307240486145
138000.0,498000.0,2.247260570526123
150000.0,498000.0,1.993415594100952
162000.0,498000.0,1.85661768913269
174000.0,498000.0,1.771521687507629
186000.0,498000.0,1.872843265533447
198000.0,498000.0,2.103318214416504
210000.0,498000.0,2.106420040130615
222000.0,498000.0,1.870764970779419
234000.0,498000.0,1.781818389892578
246000.0,498000.0,1.665385961532593
258000.0,498000.0,1.743215799331665
270000.0,498000.0,1.722570180892944
282000.0,498000.0,1.734265208244324
294000.0,498000.0,1.768836975097656
306000.0,498000.0,1.761966109275818
318000.0,498000.0,1.777833819389343
330000.0,498000.0,1.798713684082031
342000.0,498000.0,1.691257238388062
354000.0,498000.0,1.664854764938354
366000.0,498000.0,1.678794860839844
378000.0,498000.0,1.696642279624939
390000.0,498000.0,1.696399331092834
402000.0,498000.0,1.769719839096069
414000.0,498000.0,1.765263438224792
426000.0,498000.0,1.856693625450134
438000.0,498000.0,1.949822187423706
450000.0,498000.0,1.875712037086487
462000.0,498000.0,2.096487522125244
474000.0,498000.0,2.079744338989258
486000.0,498000.0,2.072191953659058
498000.0,498000.0,2.2082485357920327
510000.0,498000.0,2.1539645195007324
102000.0,510000.0,2.3646745681762695
114000.0,510000.0,2.539497852325439
126000.0,510000.0,2.206310510635376
138000.0,510000.0,2.314543485641479
150000.0,510000.0,2.192991495132446
162000.0,510000.0,1.774831414222717
174000.0,510000.0,1.697298526763916
186000.0,510000.0,1.782166004180908
198000.0,510000.0,1.905718326568604
210000.0,510000.0,1.982486844062805
222000.0,510000.0,1.902590274810791
234000.0,510000.0,1.685410380363464
246000.0,510000.0,1.587616324424744
258000.0,510000.0,1.674287080764771
270000.0,510000.0,1.628082990646362
282000.0,510000.0,1.663306355476379
294000.0,510000.0,1.59269118309021
306000.0,510000.0,1.628289222717285
318000.0,510000.0,1.639030814170837
330000.0,510000.0,1.657819747924805
342000.0,510000.0,1.596246957778931
354000.0,510000.0,1.59008514881134
366000.0,510000.0,1.61948823928833
378000.0,510000.0,1.717564702033997
390000.0,510000.0,1.808912038803101
402000.0,510000.0,1.780075907707214
414000.0,510000.0,1.742480158805847
426000.0,510000.0,1.758281588554382
438000.0,510000.0,1.775305986404419
450000.0,510000.0,1.795609831809998
462000.0,510000.0,1.89346969127655
474000.0,510000.0,2.051820278167725
486000.0,510000.0,2.0058273077011113
102000.0,522000.0,2.374852259953817
114000.0,522000.0,2.348215341567993
126000.0,522000.0,2.236843585968018
138000.0,522000.0,2.217652082443237
150000.0,522000.0,2.157262802124023
162000.0,522000.0,1.871432065963745
174000.0,522000.0,1.693065285682678
186000.0,522000.0,1.815904974937439
198000.0,522000.0,1.903708934783936
210000.0,522000.0,1.823389768600464
222000.0,522000.0,1.80022931098938
234000.0,522000.0,1.644175171852112
246000.0,522000.0,1.559951543807983
258000.0,522000.0,1.592198729515076
270000.0,522000.0,1.547132849693298
282000.0,522000.0,1.594327211380005
294000.0,522000.0,1.57147753238678
306000.0,522000.0,1.569321274757385
318000.0,522000.0,1.587730050086975
330000.0,522000.0,1.607836723327637
342000.0,522000.0,1.595376372337341
354000.0,522000.0,1.602195858955383
366000.0,522000.0,1.712912678718567
378000.0,522000.0,1.938406229019165
390000.0,522000.0,2.014218807220459
402000.0,522000.0,1.772010087966919
414000.0,522000.0,1.656833529472351
426000.0,522000.0,1.671249151229858
438000.0,522000.0,1.76031482219696
450000.0,522000.0,1.7770768801371257
462000.0,522000.0,1.8164647817611694
474000.0,522000.0,2.0083447694778442
102000.0,534000.0,2.395526568094889
114000.0,534000.0,2.482892274856567
126000.0,534000.0,2.355472087860107
138000.0,534000.0,2.282190799713135
150000.0,534000.0,2.154377698898315
162000.0,534000.0,2.035537242889404
174000.0,534000.0,1.685123682022095
186000.0,534000.0,1.702930450439453
198000.0,534000.0,1.792317748069763
210000.0,534000.0,1.763721108436584
222000.0,534000.0,1.792343020439148
234000.0,534000.0,1.766602277755737
246000.0,534000.0,1.564265966415405
258000.0,534000.0,1.614982843399048
270000.0,534000.0,1.512969732284546
282000.0,534000.0,1.557908177375793
294000.0,534000.0,1.555665373802185
306000.0,534000.0,1.572110295295715
318000.0,534000.0,1.624063968658447
330000.0,534000.0,1.633241295814514
342000.0,534000.0,1.659241199493408
354000.0,534000.0,1.651355981826782
366000.0,534000.0,1.885298728942871
378000.0,534000.0,1.96809446811676
390000.0,534000.0,1.818997979164124
402000.0,534000.0,1.645529389381409
414000.0,534000.0,1.558588147163391
426000.0,534000.0,1.6288902759552
438000.0,534000.0,1.7356233199437456
102000.0,546000.0,2.3693581422170005
114000.0,546000.0,2.330811977386475
126000.0,546000.0,2.401922941207886
138000.0,546000.0,2.267156362533569
150000.0,546000.0,2.099266052246094
162000.0,546000.0,2.099774122238159
174000.0,546000.0,1.652199745178223
186000.0,546000.0,1.606464505195618
198000.0,546000.0,1.765459656715393
210000.0,546000.0,1.731959581375122
222000.0,546000.0,1.770481586456299
234000.0,546000.0,1.769981384277344
246000.0,546000.0,1.563947081565857
258000.0,546000.0,1.563411593437195
270000.0,546000.0,1.522992134094238
282000.0,546000.0,1.581339359283447
294000.0,546000.0,1.568089604377747
306000.0,546000.0,1.60529625415802
318000.0,546000.0,1.632109761238098
330000.0,546000.0,1.636903524398804
342000.0,546000.0,1.661361575126648
354000.0,546000.0,1.671532988548279
366000.0,546000.0,1.784998059272766
378000.0,546000.0,1.770842552185059
390000.0,546000.0,1.7451233069101972
402000.0,546000.0,1.6583200295766194
414000.0,546000.0,1.620317022005717
90000.0,558000.0,2.3494457403818765
102000.0,558000.0,2.2999562422434487
114000.0,558000.0,2.294370174407959
126000.0,558000.0,2.479280471801758
138000.0,558000.0,2.281787395477295
150000.0,558000.0,1.989958047866821
162000.0,558000.0,1.972981214523315
174000.0,558000.0,1.590670943260193
186000.0,558000.0,1.592705249786377
198000.0,558000.0,1.700434446334839
210000.0,558000.0,1.674106597900391
222000.0,558000.0,1.692078948020935
234000.0,558000.0,1.722198486328125
246000.0,558000.0,1.67770779132843
258000.0,558000.0,1.6023770570755
270000.0,558000.0,1.526608943939209
282000.0,558000.0,1.594036817550659
294000.0,558000.0,1.593266725540161
306000.0,558000.0,1.645837664604187
318000.0,558000.0,1.685451030731201
330000.0,558000.0,1.707318067550659
354000.0,558000.0,1.6800708770751953
366000.0,558000.0,1.7424578666687012
378000.0,558000.0,1.8413116931915283
102000.0,570000.0,2.3216041723887124
114000.0,570000.0,2.274686574935913
126000.0,570000.0,2.395755767822266
138000.0,570000.0,2.170077323913574
150000.0,570000.0,1.817058324813843
162000.0,570000.0,1.875081777572632
174000.0,570000.0,1.566912412643433
186000.0,570000.0,1.552514314651489
198000.0,570000.0,1.614532828330994
210000.0,570000.0,1.577101826667786
222000.0,570000.0,1.655040383338928
234000.0,570000.0,1.677747249603271
246000.0,570000.0,1.706910133361816
258000.0,570000.0,1.758800625801086
270000.0,570000.0,1.609979391098022
282000.0,570000.0,1.623355746269226
294000.0,570000.0,1.692907929420471
306000.0,570000.0,1.764228343963623
318000.0,570000.0,1.844316363334656
330000.0,570000.0,1.833239436149597
342000.0,570000.0,1.794957955678304
114000.0,582000.0,2.159558057785034
126000.0,582000.0,2.186303615570068
138000.0,582000.0,2.017683982849121
150000.0,582000.0,1.924217343330383
162000.0,582000.0,1.837979912757874
174000.0,582000.0,1.500252604484558
186000.0,582000.0,1.464578866958618
198000.0,582000.0,1.543873190879822
210000.0,582000.0,1.561388850212097
222000.0,582000.0,1.622827291488647
234000.0,582000.0,1.660194754600525
246000.0,582000.0,1.675925374031067
258000.0,582000.0,1.763478517532349
270000.0,582000.0,1.685570240020752
282000.0,582000.0,1.783739924430847
294000.0,582000.0,1.826604962348938
306000.0,582000.0,1.936407685279846
318000.0,582000.0,2.020654201507568
330000.0,582000.0,1.972719311714172
342000.0,582000.0,1.916696826616923
114000.0,594000.0,2.0123442014058432
126000.0,594000.0,1.970450520515442
138000.0,594000.0,1.982892990112305
150000.0,594000.0,2.102355241775513
162000.0,594000.0,1.754948616027832
174000.0,594000.0,1.468101620674133
186000.0,594000.0,1.430364012718201
198000.0,594000.0,1.459417343139648
210000.0,594000.0,1.470779895782471
222000.0,594000.0,1.568686485290527
234000.0,594000.0,1.598841309547424
246000.0,594000.0,1.677814126014709
258000.0,594000.0,1.718665599822998
270000.0,594000.0,1.685976028442383
282000.0,594000.0,1.770848035812378
294000.0,594000.0,1.849500179290771
306000.0,594000.0,1.92037034034729
318000.0,594000.0,1.912341952323914
330000.0,594000.0,1.944131731987
342000.0,594000.0,1.9556438922882082
114000.0,606000.0,1.956911563873291
126000.0,606000.0,1.880278468132019
138000.0,606000.0,2.020005702972412
150000.0,606000.0,2.148849487304688
162000.0,606000.0,1.777307629585266
174000.0,606000.0,1.421207547187805
186000.0,606000.0,1.4260647694269817
198000.0,606000.0,1.438801368077596
210000.0,606000.0,1.426622748374939
222000.0,606000.0,1.55426037311554
234000.0,606000.0,1.58958888053894
246000.0,606000.0,1.640413761138916
258000.0,606000.0,1.69085681438446
270000.0,606000.0,1.670207738876343
282000.0,606000.0,1.739194512367249
294000.0,606000.0,1.808110356330872
306000.0,606000.0,1.891199231147766
318000.0,606000.0,1.917508840560913
330000.0,606000.0,2.010457992553711
342000.0,606000.0,1.9499575694402058
126000.0,618000.0,2.015981992085775
138000.0,618000.0,2.197216987609863
150000.0,618000.0,2.180798530578613
162000.0,618000.0,1.752222776412964
174000.0,618000.0,1.5471773147583008
210000.0,618000.0,1.4749108155568444
222000.0,618000.0,1.527329802513123
234000.0,618000.0,1.589571714401245
246000.0,618000.0,1.663999795913696
258000.0,618000.0,1.753563761711121
270000.0,618000.0,1.706341147422791
282000.0,618000.0,1.745316982269287
294000.0,618000.0,1.791552543640137
306000.0,618000.0,1.86092734336853
318000.0,618000.0,1.892253994941711
330000.0,618000.0,1.921905875205994
342000.0,618000.0,1.9415392875671387
138000.0,630000.0,2.1645034154256186
150000.0,630000.0,2.115494728088379
162000.0,630000.0,1.683478593826294
174000.0,630000.0,1.6189696391423543
222000.0,630000.0,1.5901546875635788
234000.0,630000.0,1.6019251346588135
246000.0,630000.0,1.688873887062073
258000.0,630000.0,1.748024940490723
270000.0,630000.0,1.750841498374939
282000.0,630000.0,1.741695284843445
294000.0,630000.0,1.784957528114319
306000.0,630000.0,1.758187413215637
318000.0,630000.0,1.805332541465759
330000.0,630000.0,1.811306595802307
342000.0,630000.0,1.8461816708246868
150000.0,642000.0,1.9932572841644287
162000.0,642000.0,1.8503986994425456
174000.0,642000.0,1.6189696391423543
246000.0,642000.0,1.720474402109782
258000.0,642000.0,1.720474402109782
270000.0,642000.0,1.72452437877655
282000.0,642000.0,1.714519500732422
294000.0,642000.0,1.72081995010376
306000.0,642000.0,1.701408743858337
318000.0,642000.0,1.735054969787598
330000.0,642000.0,1.7492567698160808
270000.0,654000.0,1.7299617926279705
282000.0,654000.0,1.7199546098709106
294000.0,654000.0,1.7122493982315063
306000.0,654000.0,1.7190945545832317
318000.0,654000.0,1.7472654183705647
774000.0,54000.0,5.184672196706136
858000.0,54000.0,3.571866750717163
870000.0,54000.0,3.571866750717163
882000.0,54000.0,3.7387844721476235
822000.0,66000.0,3.571866750717163
834000.0,66000.0,3.571866750717163
882000.0,66000.0,3.7387844721476235
942000.0,66000.0,4.525521437327067
6000.0,78000.0,3.1800997257232666
726000.0,78000.0,5.604269027709961
942000.0,78000.0,4.525521437327067
606000.0,90000.0,2.987832546234131
906000.0,90000.0,4.837522586186727
606000.0,102000.0,2.916171153386434
462000.0,114000.0,2.8897029558817544
798000.0,114000.0,6.710187753041585
462000.0,126000.0,2.953972101211548
738000.0,126000.0,5.093050320943196
822000.0,126000.0,6.489701271057129
642000.0,150000.0,4.499385356903076
222000.0,162000.0,3.2718427975972495
234000.0,162000.0,3.399948755900065
570000.0,162000.0,3.158879597981771
666000.0,162000.0,4.547185897827148
714000.0,162000.0,6.752899805704753
930000.0,162000.0,4.060499906539917
1026000.0,162000.0,3.911197026570638
6000.0,174000.0,3.2100397745768228
198000.0,174000.0,3.1779260635375977
1026000.0,174000.0,4.055653651555379
906000.0,186000.0,4.851548035939534
1026000.0,186000.0,4.113559563954671
1038000.0,186000.0,4.113559563954671
90000.0,198000.0,3.584709088007609
594000.0,198000.0,3.905228535334269
606000.0,198000.0,3.9945484002431235
258000.0,210000.0,3.825239260991415
462000.0,210000.0,3.1257572174072266
390000.0,222000.0,3.590742746988932
534000.0,222000.0,3.2625348567962646
186000.0,234000.0,3.520897626876831
354000.0,234000.0,3.947276989618937
402000.0,234000.0,3.590742746988932
42000.0,246000.0,3.5068112214406333
1014000.0,258000.0,3.6799844900767007
1026000.0,258000.0,3.278074661890665
390000.0,270000.0,4.275393009185791
390000.0,282000.0,3.588622252146403
690000.0,342000.0,1.8775480190912883
978000.0,354000.0,2.6251235802968345
1002000.0,366000.0,2.804302374521891
1062000.0,378000.0,2.735623598098755
1074000.0,414000.0,2.8462717533111572
1170000.0,414000.0,3.2967096169789634
642000.0,426000.0,1.9105487664540608
1134000.0,426000.0,3.423001209894816
426000.0,546000.0,1.6288902759552
138000.0,642000.0,2.1109058062235513
